origin,beta_max,beta_min,beta_mean,beta_median,n_dest,alpha,alpha_near,municipio,misallocated,utm_x,utm_y
Pueblonuevo del Guadiana,13.26174558598482,1.0847799746048192,1.5529416810566026,1.254118582383149,42,12.225286137694436,12.225286137694436,Pueblonuevo del Guadiana,1,174503.538437169,4315036.37176893
"Garganta, La",10.159751902383812,1.3003651975258141,1.9103790824993279,1.5001877690913599,42,7.8129989342337245,5.288520754278616,,0,,
Gargantilla,6.590427294725449,1.1245863876371585,1.5244284593233215,1.2372508248121243,42,5.86031217092396,5.47620130662109,Gargantilla,0,251849.540345749,4459621.86103201
Valdelacalzada,5.960786339501885,1.1327635946684753,1.389102733884,1.2447842788731918,42,5.262162703283576,4.9270322490106055,Valdelacalzada,1,179119.796748155,4311121.52191737
Aldeanueva del Camino,5.79563375269212,1.1076802708122646,1.4288049521501966,1.2124886650252316,42,5.232226216724224,5.2044088554001755,Aldeanueva del Camino,0,251049.574443973,4460821.82356145
Ribera del Fresno,5.891345726997479,1.1375961518672009,1.360755187746593,1.2384919743990812,41,5.17876727811331,5.162688039874012,Ribera del Fresno,0,218028.792754119,4272121.48311273
Cabezuela del Valle,5.284487797836336,1.0856399868063142,1.5118498833405947,1.272668028271294,42,4.867624499887849,4.867624499887849,Cabezuela del Valle,0,261149.142383295,4453072.09936392
Navaconcejo,5.124145813474499,1.0805744533700896,1.476035426768317,1.2675092557337944,42,4.74205715070659,4.74205715070659,Navaconcejo,0,259199.241670568,4451422.13539617
Segura de Toro,5.326549459808714,1.123377785932132,1.4526022355124906,1.2351193966708574,42,4.7415477914128115,4.40811978589195,Segura de Toro,0,249249.670936418,4456921.92434571
Rebollar,5.026846965392971,1.1442051045168002,1.4698486855491775,1.2837715313616183,42,4.393309333745559,3.934816014579968,Rebollar,0,253149.527451634,4448972.17989047
Jerte,4.721746610317358,1.0798973634489566,1.5228230856236333,1.2838084072874496,42,4.372403128420584,2.5170523885184073,Jerte,0,266048.90823569,4456122.04073275
Tornavacas,4.533164044583812,1.078964012756264,1.4984938589937409,1.2938494866376995,42,4.201404301709408,2.9492048364915893,Tornavacas,0,271448.6462693,4459671.97317383
Casas del Monte,4.709272237359607,1.1240035827317052,1.4292881672998574,1.2362587258058095,42,4.189730628717836,3.858031253385065,Casas del Monte,0,248049.732461159,4454571.98283667
Aldeanueva de la Vera,4.719337376064002,1.1657900164443247,1.3964037091403643,1.2228722524225601,42,4.048188189548958,3.848155146115869,Aldeanueva de la Vera,0,269948.779297598,4445422.3709028
Garganta la Olla,4.083836970182249,1.118083364299645,1.4070967865358552,1.2193823221625768,42,3.6525335235090624,3.607462572553071,Garganta la Olla,0,263549.079374413,4443922.38105509
Jarandilla de la Vera,4.30707029687838,1.1906728559085915,1.4067595734128007,1.245302686518361,42,3.617341468317672,3.3670204338805605,Jarandilla de la Vera,0,273548.619114794,4445422.39709535
Cuacos de Yuste,4.09866617562636,1.142515486464732,1.3786021658033436,1.2164472635539865,42,3.58740535614865,3.472079935842676,Cuacos de Yuste,0,267948.885869374,4443172.42589066
"Granja, La",3.972820149277933,1.1152904389133418,1.3607199981052218,1.2076646016744625,42,3.562139520490072,3.446713537658531,,0,,
"Torno, El",4.004817939918976,1.140390809310287,1.4268980536571148,1.2681359880658079,42,3.5117942965018334,3.0824043149232745,,0,,
Valdastillas,3.981379652024392,1.1354059491193906,1.4208498229551938,1.2875618202704895,42,3.506569306874171,3.3857429026751125,Valdastillas,0,254949.46037632,4446622.25067897
Piornal,3.797828495027457,1.1763830528036816,1.4339662601921273,1.2898433717604434,42,3.228394429838195,2.771401186941864,Piornal,0,257449.351939874,4444772.32501792
Losar de la Vera,3.6840063534955987,1.1888577593980676,1.3982976425615574,1.2568029746527563,42,3.0987780702721355,2.8371986887270912,Losar de la Vera,0,278048.414754491,4444672.44216845
Jarilla,3.475126847694041,1.1313773756180625,1.3931861202281546,1.2467871784230506,42,3.0715894825063184,3.032403547190945,Jarilla,0,244473.960892906,4451279.70047355
Cabrero,3.4222508023265115,1.1408768313763933,1.404735682123238,1.2954542832173925,42,2.999667192993822,2.8405385757203736,Cabrero,0,253569.528284717,4444472.30462672
Zarza de Granadilla,3.2719730989955456,1.0965672936883097,1.3520405144393872,1.2280851540102606,42,2.983832472323926,2.983832472323926,Zarza de Granadilla,0,240816.722783534,4458693.78372199
Robledillo de la Vera,3.399516800703232,1.1770081536665389,1.3688661878471193,1.257676613810816,42,2.8882695418152196,2.7114809506486774,Robledillo de la Vera,0,279548.356694927,4442272.51780527
Cabezabellosa,3.245330820817984,1.1582781595771843,1.4524591113057272,1.3055156634740879,42,2.801857907778088,2.135673005839767,Cabezabellosa,0,244313.818262083,4447431.83873398
Viandar de la Vera,3.335455581474012,1.2059778930688827,1.4298108344512794,1.2970408492680763,42,2.7657684279652863,2.195911184275661,Viandar de la Vera,0,284048.141199521,4444472.47617997
Talaveruela de la Vera,3.190095045485332,1.2064872359652257,1.4195664479071568,1.3017267760252496,42,2.6441183548312974,2.075062727860313,Talaveruela de la Vera,0,285548.073028635,4444422.48734023
Casillas de Coria,2.832255772071906,1.0877192661907686,1.3421369037210247,1.2573213765993365,42,2.603848125252544,2.170422905210791,Casillas de Coria,0,189584.538383011,4430524.07910796
Barrado,3.001330016220077,1.158426622413938,1.3988616220483272,1.2924757544143746,42,2.590867611420984,2.2275198769818023,Barrado,0,254449.50373271,4441322.40490999
Riolobos,2.8348866896214853,1.1036320186398327,1.3257505608619955,1.272040877290228,42,2.5686883324709364,2.4279687475248086,Riolobos,1,217694.090615177,4424318.47668145
Madrigalejo,2.8718109736139286,1.1311550459909818,1.563125711401948,1.3911008392125601,42,2.53883053768106,1.574421772763655,Madrigalejo,1,273049.132765184,4335625.51579502
Valverde de la Vera,3.016659759191362,1.205830756785046,1.4046706892869487,1.2991135478596934,42,2.50172732965802,1.9873078423762478,Valverde de la Vera,0,287607.981058062,4444522.49170646
Pedroso de Acim,2.7829732657379305,1.126705799179365,1.3783263409586173,1.2499618091751281,42,2.4700088237452102,2.313076033469149,Pedroso de Acim,0,208092.61805233,4414085.9639105
Casatejada,2.641389564709311,1.0809649170437667,1.3349313385442625,1.2132691117378798,42,2.4435479108175024,2.298638281279632,Casatejada,0,270898.858206115,4418723.14329532
Collado,2.843887411845491,1.1758810781259166,1.373892849422628,1.2317584362760776,42,2.4185161788452216,2.169559709743986,Collado,0,268048.90322305,4437852.57598165
"Lapa, La",2.6306605325077914,1.08889563581471,1.3081263585766003,1.2477845486718717,42,2.415897764655412,2.12266469134905,,0,,
Villanueva de la Vera,2.891951195774503,1.2103548618014728,1.4037837148524095,1.2969490993302475,42,2.3893415782790917,1.993532773247645,Villanueva de la Vera,0,290247.857914501,4445122.49891764
Majadas,2.6029143331299105,1.0990147518581006,1.342334344453958,1.2269117279830473,42,2.368407092561016,2.308777015001458,Majadas,0,265549.071751549,4425072.93528023
Villar de Plasencia,2.6451214174015076,1.120795792137258,1.3354307983435185,1.2257283633009863,42,2.360038676053107,2.2733913437190956,Villar de Plasencia,0,242172.16349191,4447626.81133641
Gata,2.6850522581769773,1.1628130395078962,1.3523591259583139,1.2974670131139052,42,2.3091005750273443,2.0737859938520913,Gata,0,194218.240938159,4460498.88488964
Torremenga,2.726125318844592,1.1876994974712516,1.3560367624497285,1.2389838609177337,42,2.2952988737040183,2.149816722031517,Torremenga,0,263499.114225348,4436772.58027036
Villar de Rena,2.3307708034988193,1.0201669101463753,1.352968822212375,1.224915719995944,42,2.284695553558384,1.0116138277447184,Villar de Rena,1,256899.892457757,4329175.6024318
Cachorrilla,2.5174505490507104,1.1102126353727182,1.336375726386003,1.2782137953659873,42,2.2675390901181354,2.2675390901181354,Cachorrilla,0,186552.034620882,4424961.46299167
Galisteo,2.3731991472387475,1.049771139192739,1.3235361241374355,1.2821001038159507,42,2.260682408418761,2.075347674894379,Galisteo,0,221164.977574718,4430450.7841439
"Haba, La",2.3226782747946118,1.0294778230037651,1.294809145694995,1.2208146154685533,42,2.2561712577912587,1.9511524918645256,,0,,
Aldeacentenera,2.634348526134727,1.1880129056439686,1.5122078537850479,1.2920053877379125,42,2.2174410005308527,1.661052479663563,Aldeacentenera,0,274048.898763263,4378694.3022978
Ladrillar,2.71310537442424,1.232568604946321,1.4944918671491776,1.3715310741615534,42,2.2011800102132226,1.7331450072223478,Ladrillar,0,226733.417898618,4484520.67774013
Pescueza,2.4465538846980004,1.1166506138507724,1.3324284929060664,1.2719949646195277,42,2.1909752740483914,2.1427929851675707,Pescueza,0,188475.89405234,4425233.08701363
Villarta de los Montes,3.1737521176054777,1.4505394394981517,1.9786255019710528,1.9372242334693346,42,2.1879805754909443,1.6555713739869276,Villarta de los Montes,0,345438.831755784,4342153.71911201
Magacela,2.356516179308102,1.0795360907423146,1.3232682837224077,1.2351247172095916,42,2.1828970791404534,1.9365458005605167,Magacela,0,263049.710176429,4308926.20042429
Manchita,2.3981623821976235,1.0989403524848087,1.4193458531619842,1.352864311715964,42,2.1822498161753274,1.5521751093362142,Manchita,0,237735.977024441,4300746.69445125
"Pesga, La",2.5776832838108508,1.1818581740993428,1.3865605851541702,1.2826385533884748,42,2.1810428190973274,1.793273291121386,,0,,
Arroyomolinos de la Vera,2.5076845791329423,1.163405839960509,1.3829065810865633,1.3057877836835297,42,2.1554684470365597,1.9559617354234866,Arroyomolinos de la Vera,0,256589.422105721,4437722.52246913
Holguera,2.3747470669876627,1.1125680703050644,1.342431621082707,1.287356504697723,42,2.134473503573144,2.0844379521407284,Holguera,1,213780.071295096,4422025.3804551
Puebla del Prior,2.4224771619739722,1.1379154316732503,1.3175297580797054,1.2710916441669615,42,2.1288727567494496,2.032702271266088,Puebla del Prior,0,221552.582814066,4274046.07325644
Madrigal de la Vera,2.582908081926353,1.2247542157001754,1.403993756305773,1.3102239161534524,42,2.1089195275394412,1.9142763083320478,Madrigal de la Vera,0,298347.486994959,4446922.49168506
Robledillo de Trujillo,2.2712181421361533,1.0801823448498002,1.3909566136561213,1.3339835703547709,41,2.1026247586484734,1.1797880434947918,Robledillo de Trujillo,1,243050.424371173,4350924.91327921
Talayuela,2.4330902787659645,1.1705158885804703,1.3765564911554695,1.271387669029275,42,2.0786478017967505,1.7675744565408182,Talayuela,0,277348.524341814,4428622.89287009
Ibahernando,2.2000675236922227,1.0612240640136221,1.3953958151085286,1.3385556162338461,41,2.073141382953018,2.073141382953018,Ibahernando,0,248550.150480377,4357024.77379878
Villasbuenas de Gata,2.347102209732163,1.14504550216957,1.3530214980303508,1.3182963876560607,42,2.049789467130347,1.8511924884280204,Villasbuenas de Gata,0,191422.444789474,4454018.88941824
Saucedilla,2.2534558678191403,1.1053304878174524,1.3054203216364337,1.2144088158661646,42,2.0387168296323184,1.9460560471583563,Saucedilla,0,271198.865176824,4414923.2584327
Malpartida de Plasencia,2.1308263473445495,1.0659222446936374,1.2693484009303537,1.2423498093424457,42,1.999044825222671,1.9749575727830933,Malpartida de Plasencia,0,239985.232530875,4430084.12087274
Puebla de la Calzada,2.1927808560833943,1.0996508438332313,1.2678172914240649,1.2163746024486,42,1.9940700890472312,1.9940700890472312,Puebla de la Calzada,0,185643.111103803,4311193.18816829
Casares de las Hurdes,2.436299993609837,1.2238431484167704,1.4586955704067703,1.348224783011943,42,1.990696272444362,1.5502597658304413,Casares de las Hurdes,0,221371.057569754,4481888.12377618
Toril,2.2125822301348514,1.121965417215997,1.3890619901538397,1.2915251557454224,42,1.9720592062677567,1.796869530736416,Toril,0,262499.231520699,4420223.05296324
Helechosa de los Montes,2.6295463585068375,1.3440881673361527,1.8402070621762507,1.7782147160411903,42,1.9563793673731489,1.3093599020411046,Helechosa de los Montes,0,335556.230971104,4353315.35167669
Perales del Puerto,2.3046961165197,1.1936313431840584,1.3617490022186372,1.3036008680052054,42,1.9308274113947383,1.6830727100459397,Perales del Puerto,1,186517.546217554,4451492.44830636
Valdecaballeros,2.757264269323066,1.4336839953037517,2.0063062177628055,1.988820551271813,42,1.9232022386766547,1.530312999264696,Valdecaballeros,1,311177.365142787,4346075.42409472
Castilblanco,2.4941461664743505,1.2969525381100389,1.767447970726639,1.739394357681133,42,1.9230820659859311,1.5823920976486063,Castilblanco,1,319896.947148144,4350625.34531156
Guijo de Granadilla,2.1885506208334937,1.1417912808460517,1.3231101911606342,1.249970693391917,42,1.9167694284824173,1.9167694284824173,Guijo de Granadilla,1,230886.51760396,4454154.21447522
Navalmoral de la Mata,1.997822811063389,1.047489289287683,1.2522979070849665,1.1996536752569562,42,1.9072489155683443,1.1395977147244096,Navalmoral de la Mata,0,282748.322160822,4418923.20248728
Millanes,2.0892111063917262,1.0988455470339955,1.3428174542571516,1.2593686674643112,42,1.9012782206115555,1.6658840958755963,Millanes,0,279348.494073273,4414223.32384566
Rosalejo,2.293076944842611,1.20810061420463,1.4128034971197987,1.3131592803782492,42,1.8980844127393233,1.2454492775832913,Rosalejo,0,290347.922514091,4430172.92018581
Torre de Don Miguel,2.1545134417719796,1.1362351637848311,1.326720706268602,1.279613215015564,42,1.8961862037390527,1.7254957482681141,Torre de Don Miguel,0,195790.491568247,4458837.83787277
Mohedas de Granadilla,2.1980759872255793,1.1606702803704134,1.3134390017883095,1.2410443910836655,42,1.8937988026402217,1.6865566104219436,Mohedas de Granadilla,0,227852.15779621,4462630.15074041
"Roca de la Sierra, La",2.059246682962044,1.1002272629154082,1.2679593302943384,1.2618638144557743,42,1.8716557500178679,1.8716557500178679,,0,,
Almaraz,1.9581254022151346,1.0506476893438235,1.2717124360735714,1.219703840085247,42,1.8637316981471417,1.4203016758742584,Almaraz,0,271048.889488901,4410723.37244066
Campanario,1.9578701405079502,1.0545225013048,1.2762020965421295,1.2376039374017398,42,1.8566414069736819,1.8566414069736819,Campanario,0,273049.268621743,4304926.36582296
Herreruela,2.052281793084513,1.1094749027666473,1.3198901735063582,1.2734398943372311,42,1.8497775731265582,1.7558547442442258,Herreruela,0,164043.105948365,4375413.59082304
Moraleja,1.9576235380656881,1.059690637923722,1.24965612749296,1.2052681653998678,42,1.8473538106378933,1.7115837757222994,Moraleja,0,188032.678076841,4441711.30289468
Montijo,1.9702980696567425,1.0682764348010458,1.2516693481471475,1.217729103716605,42,1.8443709937528368,1.8443709937528368,Montijo,0,186766.597483422,4313024.53822166
Aldehuela de Jerte,2.137298859648272,1.1655737117609866,1.3767122053064593,1.315210497846314,42,1.8336882842177107,1.4094116981536349,Aldehuela de Jerte,0,223720.064743839,4434148.16766039
Jaraicejo,2.2752183956483125,1.2456392220881025,1.4250199127235792,1.3773337187903578,42,1.8265468486407288,1.4965369115875555,Jaraicejo,0,258849.518455894,4394623.76232495
Cadalso,2.0221605880362006,1.1106273428595133,1.2812642786209978,1.2488694870779171,42,1.8207372626265244,1.8207372626265244,Cadalso,0,199014.667243361,4460243.94910607
Ahigal,2.023898906612909,1.123117337688584,1.3066655040256836,1.2408576944736018,42,1.8020369187587881,1.8020369187587881,Ahigal,1,228857.024248793,4453790.41759645
Valdeobispo,2.0134623546188215,1.1186897295200233,1.3153460214602846,1.2440137726610505,42,1.7998398496808428,1.396191800542238,Valdeobispo,1,223250.349381218,4442039.54555822
Campillo de Deleitosa,2.137099269222372,1.1996737843704206,1.5179101731659481,1.4845551341992582,42,1.7814003248757369,1.4697166632664085,Campillo de Deleitosa,1,279418.565087453,4398073.77820329
Cerezo,2.0871040382397346,1.1738911293824723,1.328498443872812,1.261779505188982,42,1.7779366297261823,1.7779366297261823,Cerezo,1,225614.148322302,4459192.96148298
Marchagaz,2.1045865075923125,1.1851430781305579,1.3597654453798727,1.2928459419278564,42,1.7758079563794802,1.310800584769885,Marchagaz,0,221744.566601932,4462743.64319439
Caminomorisco,2.060164054548565,1.1607522534824555,1.3143800525588407,1.2407654243972996,42,1.774852513417674,1.2946362406776661,Caminomorisco,0,220605.992981141,4469307.55242669
Oliva de Plasencia,1.9243685484689486,1.0852546256004336,1.2827214983899318,1.2177467926962282,42,1.7731954354990769,1.7731954354990769,Oliva de Plasencia,0,237157.289506869,4444908.88076325
Casar de Palomero,2.081315328307436,1.1781511831266873,1.3267771300453022,1.2551468390702258,42,1.7665944389105035,1.5915163501476273,Casar de Palomero,0,223344.803900056,4465642.7369961
Quintana de la Serena,1.8606202952387267,1.054915903206096,1.3348701794890296,1.3217860309083775,42,1.7637617269622512,1.7637617269622512,Quintana de la Serena,0,267899.56553466,4291626.71595212
Mirabel,1.9320376722527919,1.1019456673925454,1.3229465169622834,1.29308685738996,42,1.7532966728064128,1.6522733192618038,Mirabel,0,223548.219866537,4417458.24855143
Salorino,1.923583392404472,1.098738356881144,1.300898390690543,1.290562050679735,42,1.750720160407175,1.5198446314716907,Salorino,0,155443.681668608,4377642.62000894
Rena,1.796378860449136,1.030619014041569,1.2827662502508648,1.216669946539823,42,1.7430096242884578,1.039423008435595,Rena,1,257149.89155388,4326605.6779018
"Gordo, El",1.8887077326712882,1.0837963813460334,1.3213741622377477,1.29938570777489,42,1.7426776516134754,1.1700898080778623,,0,,
Villar del Rey,1.859272122353664,1.070547838415624,1.2790832193596895,1.2488801381679724,42,1.736748284976528,1.736748284976528,Villar del Rey,0,167542.663595038,4338566.28989181
Peraleda de la Mata,1.8756065149010497,1.081303531398682,1.3014614198069399,1.2818449540810837,42,1.7345791079355164,1.1078418152341145,Peraleda de la Mata,0,289648.024566782,4414423.37186278
Benquerencia,2.052358145061287,1.1851961809857903,1.454248956546707,1.406714451123864,42,1.7316611190513895,1.0835066041590962,Benquerencia,0,234162.550879926,4355834.11485303
Mesas de Ibor,2.053710892342735,1.190384586976332,1.457251040778871,1.4050390137422362,42,1.725249902268407,1.2835633996497315,Mesas de Ibor,0,282048.419023947,4403923.62890632
Palomero,2.03537407320444,1.1833670587510479,1.349002701871696,1.2768201990371164,42,1.719985407868814,1.3112931974827342,Palomero,1,221429.08324726,4460308.76551349
Carrascalejo,2.014893871266656,1.1720169494853578,1.463023244300925,1.4017529317835207,42,1.7191678602868434,1.537170305539867,Carrascalejo,0,309997.208403041,4391024.15436813
Acedera,1.8347674463931496,1.067978408425261,1.3505319569297076,1.3374331290370531,42,1.7179817793306538,1.2837078867208094,Acedera,0,275659.04898293,4328475.72110089
Capilla,2.022136147411939,1.1789150547634963,1.3847966152771216,1.421089482416023,42,1.7152517810688253,1.6381469134170064,Capilla,0,319217.218628472,4298938.78399716
Pinofranqueado,1.978891323825733,1.154393728375289,1.3270149596314547,1.2648512251745834,42,1.7142256365259836,1.423294333608099,Pinofranqueado,0,216908.781760713,4466831.47548595
"Aldea del Obispo, La",1.8875704987451936,1.1016443142958559,1.327987751752388,1.2801148307604944,42,1.7134119191199044,1.6238564866920884,,0,,
Guijo de Galisteo,1.905893434301739,1.1144376852849738,1.3109341202724605,1.2955402455952743,42,1.7101839425094294,1.4647736432453355,Guijo de Galisteo,0,209388.517920319,4443878.57757486
Fresnedoso de Ibor,2.09925303426298,1.2351380874058164,1.4624517995747826,1.4121916512974426,42,1.6996099915209322,1.564314787566444,Fresnedoso de Ibor,0,284998.322079708,4395873.86967987
Santa Ana,1.9749450826694168,1.170225018214543,1.3796833369804677,1.3398614797775146,42,1.6876626733571856,1.315652651462313,Santa Ana,0,242350.438976035,4355374.78140623
Serradilla,1.9594405003996176,1.1629055394210457,1.3815171972038267,1.2959734247564931,42,1.6849524178680308,1.359486725664183,Serradilla,0,231459.730158101,4413618.33343155
Valle de la Serena,1.8097771429146006,1.0794398103176568,1.2398818809835306,1.2097033095824528,42,1.6765892137904572,1.6099500475771082,Valle de la Serena,0,256770.086678079,4287426.76408689
Morcillo,1.9957741225962566,1.1904468127400274,1.358541815401598,1.3312740434578534,42,1.6764916342651408,1.3310317297267065,Morcillo,0,210226.444761213,4435499.73401311
Torrecillas de la Tiesa,1.8175813497070954,1.0843955740310025,1.3768861528294356,1.26398719271591,42,1.6761239101618939,1.6761239101618939,Torrecillas de la Tiesa,0,264549.305683697,4383524.11618466
Medina de las Torres,1.8738130047869215,1.1194646619289235,1.221700305653324,1.1934921989445262,42,1.6738473919830554,1.5900288973224028,Medina de las Torres,0,201954.859122503,4249461.92266417
"Coronada, La",1.8149766710608861,1.0869081940579437,1.2685881309795055,1.2387689910529818,42,1.6698527814798392,1.594346266044562,,0,,
Trujillo,1.8102553109556676,1.0853158984190272,1.2480792134539367,1.2195201666791118,42,1.667952449229441,1.6224039912997354,Trujillo,0,252149.923161933,4371824.37487833
Berrocalejo,1.901724012560758,1.1420746755434898,1.442677995584272,1.4293222072425995,42,1.665148569777862,1.109136167364218,Berrocalejo,0,299047.616248948,4410473.53702969
Puebla de Obando,1.8089581837658815,1.086420331529748,1.3298773258631467,1.304547561968063,42,1.66506289625375,1.66506289625375,Puebla de Obando,1,186736.392813196,4342911.20828484
Alconera,1.921973847624335,1.1591184409331434,1.2724868903779716,1.2409598395146766,42,1.6581341300006047,1.5464741237653858,Alconera,0,196554.636944378,4255829.19741158
Ruanes,1.8085222183887877,1.0931935595258555,1.3365685822219373,1.3242134040106144,42,1.6543476703002051,1.6543476703002051,Ruanes,0,240443.005653289,4357591.3905487
Villanueva de la Serena,1.6886352330207395,1.0253445861942423,1.2273565370473833,1.2188947275778297,42,1.6468953518235505,1.3649452010601786,Villanueva de la Serena,0,257849.900671816,4317825.92358517
Herrera del Duque,1.9651187217790507,1.1967598940677415,1.5612984891957449,1.517995695862071,42,1.6420325677021868,1.4171656947964688,Herrera del Duque,0,323046.866434995,4337525.72681164
Mengabril,1.7473251792294955,1.0642051809027635,1.2629960844556034,1.2345397131356797,42,1.6419062889237603,1.48338651072601,Mengabril,0,245900.459149506,4313795.97574382
Botija,2.000837273110706,1.2258183210042612,1.4352662953964295,1.413982602170082,42,1.63224618104215,1.63224618104215,Botija,0,235264.185972544,4359589.50586967
Hinojal,1.788764088625056,1.1074820124849518,1.3103543623544962,1.2683262196211462,42,1.6151631073550834,1.3597726427203234,Hinojal,0,212285.570912956,4400970.7487014
Valdelacasa de Tajo,1.8275756963430236,1.1318042260831054,1.464843063862347,1.422053774941652,42,1.6147454252470954,1.1320095506829846,Valdelacasa de Tajo,1,304547.417510919,4399923.86643752
Portaje,1.8049398021059548,1.118553967472705,1.2943411053207357,1.2471438182230563,42,1.613636761920474,1.391008241924882,Portaje,0,195567.50569125,4424805.70742281
Feria,1.744945180900044,1.08710093317929,1.2204009047155835,1.1876190216225657,42,1.605136310385504,1.509152151873167,Feria,0,189381.716188934,4268830.82719124
Orellana de la Sierra,1.797986329756455,1.1208363906548828,1.3894195343726217,1.3710939825855462,42,1.6041469966066382,1.1621943416915568,Orellana de la Sierra,0,283948.69779355,4323275.91457814
Bohonal de Ibor,1.8088093258798463,1.128002510642112,1.3930132906638373,1.3545097756668767,42,1.6035507978170962,1.3571237352491432,Bohonal de Ibor,0,287368.163738556,4406923.5705371
Fuenlabrada de los Montes,1.7399068075444475,1.087140837479846,1.3655705130654368,1.27842558395748,42,1.6004428750720192,1.3214530007620116,Fuenlabrada de los Montes,0,333046.431007462,4333425.89643132
Garciaz,1.8593578980003944,1.165273991900334,1.39698988318386,1.2942482392091699,42,1.5956400905920376,1.4455002381179463,Garciaz,1,273948.961556181,4366024.65582678
Romangordo,1.800952231646179,1.1293030182401642,1.299460749563376,1.245456812275771,42,1.594746673441705,1.1842602154862927,Romangordo,0,268749.027082719,4402723.59208588
Villar del Pedroso,1.8005765002949048,1.1295255186589657,1.416430038664746,1.358531120741471,42,1.5940998857933262,1.1050639343775204,Villar del Pedroso,1,311947.097828512,4397623.97483551
Burguillos del Cerro,1.7797843761162437,1.1203587315011245,1.2377958484795508,1.220964129386695,42,1.588584375766484,1.55050762628304,Burguillos del Cerro,0,186427.125312274,4254283.19671764
Salvatierra de Santiago,1.7459443026924215,1.1041591715732764,1.3232824952506377,1.3088180445585804,42,1.5812433095173124,1.1263099588552132,Salvatierra de Santiago,0,238657.513079029,4354853.81554231
Portezuelo,1.7859768009437376,1.1308282998045829,1.281360324228211,1.2249066826038284,42,1.5793527640335585,1.5609875546434806,Portezuelo,1,202681.597896817,4412795.10187037
Benquerencia de la Serena,1.6518221392252797,1.0502612281962158,1.2120225756498284,1.2026047979844807,42,1.5727726539636449,1.5727726539636449,Benquerencia de la Serena,0,283108.902471605,4286576.93830036
Coria,1.6735388947754375,1.064537897480645,1.2424334372694414,1.202708056261488,42,1.5720801473917139,1.2371914233750696,Coria,0,198208.225088929,4431998.57932882
Don Benito,1.6760337478501501,1.070364338662932,1.2066827244333265,1.1977514622584609,41,1.5658535017560495,1.0896489370949878,Don Benito,0,252050.169299434,4315925.95363666
Garlitos,1.8751830439210553,1.1989710999287941,1.3941876739636758,1.3907458759810138,42,1.5639935308135624,1.4084306427228863,Garlitos,0,322497.035622686,4305626.62060681
Navezuelas,1.9469666569341888,1.2452082887230758,1.4109198879031386,1.364168470838449,42,1.563567055059315,1.4063198166523498,Navezuelas,1,290448.162580124,4376474.45611635
Santa Cruz de la Sierra,1.721710547647305,1.1024536699089906,1.2443151350984438,1.2247859938450991,41,1.56170784735964,1.557822209398843,Santa Cruz de la Sierra,0,254849.862231019,4358024.7844865
Valencia del Ventoso,1.7206271612033803,1.101804968302036,1.2144111680499432,1.1899531287938168,42,1.5616440392849162,1.5032390922743057,Valencia del Ventoso,0,196205.065608124,4241213.64596825
Santa Cruz de Paniagua,1.7730763524304194,1.1360504110672378,1.3230579251953716,1.267849111410363,42,1.560737389078308,1.361117797318008,Santa Cruz de Paniagua,0,215773.742246727,4454526.00164349
Casas de Miravete,1.818081766880015,1.1679269379337411,1.3249425426340016,1.2627952815209527,42,1.5566742300648593,1.3153085882513622,Casas de Miravete,0,265049.201111265,4401123.6125249
Carcaboso,1.7238035966037026,1.110385475049775,1.278878812341965,1.2364832539534136,42,1.5524370908457985,1.4209682970773085,Carcaboso,0,226054.750820244,4438291.27407425
"Zarza, La",1.732044161092756,1.1157506048056602,1.310588931016107,1.2598705748315882,42,1.5523578061554721,1.1149398914200026,,0,,
Casas de Don Antonio,1.6790860677182275,1.0844191731167936,1.3205009049146348,1.29682910911826,42,1.548373644936825,1.0157051671707396,Casas de Don Antonio,0,216106.262150414,4348232.51944914
Navalvillar de Pela,1.6597160623373304,1.076191097141105,1.341397091361466,1.3517501283243478,42,1.5422131503841239,1.2320584952764677,Navalvillar de Pela,0,286648.544033966,4329925.74332166
Casas de Don Pedro,1.6425513443959376,1.0680353523267,1.3442740771270754,1.3416480616261213,42,1.5379185162903666,1.2189248675126376,Casas de Don Pedro,0,298747.997151436,4330925.78555651
Santa Marta de Magasca,1.7947466558571903,1.1673254043390904,1.3967280729005704,1.3772247847695507,42,1.537486162115464,1.4113941585817902,Santa Marta de Magasca,0,233700.427075126,4378235.95632634
Aceituna,1.6949668070075847,1.1051148588973283,1.311774311323557,1.2712128527783761,42,1.533747187779924,1.533747187779924,Aceituna,0,216351.079749259,4449724.48146156
Cristina,1.7039699838168938,1.111366847058708,1.2798110402902463,1.249676834340127,42,1.533220095890517,1.165241778376922,Cristina,0,231126.84850758,4303386.30007753
"Parra, La",1.6526221679653026,1.0790337243753707,1.2054328245970989,1.1785792673824491,42,1.5315760116042432,1.4652130185499344,,0,,
Torremayor,1.6162676087492773,1.0584494866289889,1.2868752147445452,1.2371706133451492,42,1.527014400939302,1.527014400939302,Torremayor,0,193403.41925182,4311784.94700223
Alange,1.720085750855722,1.1264521821968467,1.2852234480440516,1.238469123161355,42,1.5269940242835254,1.1339902738077015,Alange,0,217966.889248342,4298087.44004889
Villa del Rey,1.790056854896287,1.172522345067379,1.311077974705775,1.2801039304649748,42,1.5266718475999888,1.4682598758042815,Villa del Rey,0,172364.458150349,4397107.17765371
Torrejoncillo,1.6475144332978096,1.0802227111568454,1.2598587905901673,1.2232730592776961,42,1.5251618173565644,1.5251618173565644,Torrejoncillo,1,203771.846229836,4422297.93994547
Hoyos,1.7498502767483914,1.1488235180378275,1.2991988238441983,1.2645782958052667,42,1.5231671786603989,1.3687627354735719,Hoyos,1,183265.869928794,4453538.00650102
Valdetorres,1.785554223232338,1.1793645308847758,1.3408760730409899,1.2892758612042639,42,1.5139968826201602,1.0189283956783624,Valdetorres,0,234068.148568638,4312012.22747101
"Cumbre, La",1.646643823022257,1.0880585562529603,1.3265334598419067,1.3077690494563512,42,1.5133779460298022,1.5133779460298022,,0,,
Montehermoso,1.6770139195622744,1.1086980464572194,1.2826134626276602,1.2701309559302947,42,1.5125975236639728,1.2149380795967482,Montehermoso,0,214541.463959952,4442978.89011619
Eljas,1.7706890727819642,1.1738536196957179,1.3170627603358454,1.2644077808583511,42,1.5084411233838133,1.3402075982630575,Eljas,1,172858.586380015,4459087.8575715
Monroy,1.7580600124172854,1.1663270388220015,1.3838283023985878,1.3878196690652378,42,1.5073473853379395,1.11091736257997,Monroy,0,224533.575338051,4392551.16427245
Puebla de la Reina,1.6898818436678453,1.121110187495577,1.2873538503863498,1.2406256580903323,42,1.5073289517088724,1.1717006436598127,Puebla de la Reina,0,230165.878876168,4284206.44688934
Badajoz,1.6115116471765663,1.0755334302787993,1.1914953902231076,1.157829393135583,42,1.498337105857166,1.4496479267905844,Badajoz,0,155505.148063854,4310470.30608031
Garbayuela,1.6318759983206403,1.0907379585757042,1.334849153463052,1.2634922637591801,42,1.4961210302532784,1.0843234073650931,Garbayuela,0,327246.742800876,4324276.12668639
Navalvillar de Ibor,1.8341219643807407,1.2271620752319081,1.3927037384091492,1.3320388448535092,42,1.4946045036749769,1.3810660407909299,Navalvillar de Ibor,0,292978.017186314,4384394.24611259
Trujillanos,1.598459814992988,1.0696325639360151,1.2652689065349252,1.2270399908351695,42,1.4944008521122465,1.1321556579304182,Trujillanos,0,217635.776352278,4316503.63598875
Guadalupe,1.7649267728657574,1.1818122801954751,1.331013755104315,1.2553132647792724,42,1.4934070346382198,1.1299367363677741,Guadalupe,0,299947.767244499,4369674.69696705
Malcocinado,1.6109623244589863,1.0812932579057288,1.2281303253576175,1.2076046759914143,42,1.4898477472976495,1.3797181852948448,Malcocinado,0,264050.042812532,4222928.581465
Cedillo,1.6984084893750515,1.140563523500392,1.319992866764573,1.3271835435654893,42,1.489095920026122,1.140721957980553,Cedillo,0,114594.404423581,4398588.2479557
Robledillo de Gata,1.7555009785198004,1.179850927861821,1.3362374378664015,1.2894324627730347,42,1.4879006636043406,1.4547619138060948,Robledillo de Gata,0,205199.382867405,4469371.1027844
Guijo de Coria,1.6636277606868708,1.1183178986659201,1.2844332729906895,1.2611958212187393,42,1.4876161444536204,1.2424870606122167,Guijo de Coria,0,204889.462549783,4444814.36853385
Orellana la Vieja,1.6662502449668248,1.1203964526455232,1.3660147920350085,1.3624089519541935,42,1.4871970015902947,1.2100608075310455,Orellana la Vieja,0,280448.872765263,4320425.98257526
Siruela,1.5641449964777754,1.0524152731871508,1.3266073760350168,1.3143373351068326,42,1.4862431554617166,1.2834876149728123,Siruela,0,322546.984187536,4316376.31409884
Higuera,1.7430490760392872,1.173271630303045,1.3310893805132236,1.2658173197999485,42,1.48563131590344,1.2016670360091197,Higuera,0,271608.904945212,4400923.65243771
Mirandilla,1.6124392789449709,1.086901548472878,1.342026597065131,1.308083390708112,42,1.483519166211959,1.038468550957413,Mirandilla,0,215349.757680452,4322268.24643587
Brozas,1.7370218544790412,1.176472652309177,1.312124854090623,1.2718931812277108,42,1.4764659859025366,1.2475336846230822,Brozas,0,175736.243766383,4391585.19642086
Aliseda,1.616263101393133,1.0955899069742143,1.2838293615463503,1.280904522269557,42,1.4752446066766962,1.4191382963984887,Aliseda,1,182287.727820116,4370285.29485575
Zorita,1.5214500032039426,1.036111179532114,1.2320357483002597,1.2223938665252483,42,1.4684234986162366,1.3132179730151152,Zorita,0,267299.32369481,4351925.0179712
Plasencia,1.634513361247179,1.1155343099087236,1.2259960915302694,1.1994986415975868,42,1.4652291253873848,1.3923568738851693,Plasencia,0,236452.023540043,4435654.78131379
Acebo,1.700753419925813,1.161187920228875,1.3101397985670455,1.2726871712411483,42,1.464666821189965,1.3187341180517276,Acebo,1,183700.848145878,4456999.10438254
"Morera, La",1.5676418336270783,1.0740708425184278,1.2049121541225507,1.1873324169155932,42,1.4595329950037093,1.355693948347324,,0,,
Baterno,1.574656452863975,1.0835663007434646,1.3293325613393043,1.3092806313127556,42,1.4532165237914467,1.320094927115698,Baterno,0,334576.455120106,4313776.45501871
Arroyo de la Luz,1.6214828868019333,1.1167304251533157,1.2921080960398597,1.2659276411996816,42,1.4519913224172434,1.3848060431305351,Arroyo de la Luz,0,191995.938011372,4376758.45163021
Deleitosa,1.7216901680984427,1.1880786050202299,1.353640047447332,1.3125904237377042,42,1.4491382647776296,1.2533708232838383,Deleitosa,0,273148.88080007,4391673.93279564
Santa Amalia,1.5703929406184394,1.0839239457750964,1.2972328511182807,1.2691590733580058,42,1.448803623851558,1.272876900373374,Santa Amalia,1,239518.868352074,4322476.23005031
Plasenzuela,1.6814063154724204,1.160757408252628,1.3772983677887902,1.3501550989319373,42,1.4485423944039804,1.3236462363200732,Plasenzuela,1,237613.198187442,4363712.78672427
"Garrovilla, La",1.5363468934744549,1.0672740138870958,1.2709833605380332,1.2458213418858688,42,1.4395055754041635,1.4395055754041635,,0,,
Tamurejo,1.6127302205201086,1.1208925542317456,1.350523300158979,1.3228490785976614,42,1.4387910905746593,1.1214894656570613,Tamurejo,0,331446.57499916,4317826.32319584
Puerto de Santa Cruz,1.5457792971265805,1.078797477842995,1.2244914049984699,1.207715617982333,41,1.4328725538154703,1.4288467910998568,Puerto de Santa Cruz,0,253679.91872291,4355924.8287116
Zafra,1.496291987915488,1.0459976201785266,1.1944840604624394,1.1920292837938806,42,1.4304927267999967,1.3558441941000487,Zafra,1,201847.920808549,4258592.18314402
Cabeza la Vaca,1.6825411963855645,1.176658006038465,1.296399823484765,1.2683145329856436,42,1.4299322213854568,1.3780484202163632,Cabeza la Vaca,0,200108.096565672,4221009.17211816
Herguijuela,1.6582492153457016,1.1615898003588279,1.2823925155098514,1.2464124468438809,42,1.4275686777151884,1.38733956263437,Herguijuela,0,262349.504262445,4362094.70823977
Valverde de Burguillos,1.509811831736466,1.0577207982519121,1.2076606318964063,1.193938619876508,42,1.4274200093557028,1.3817119675671714,Valverde de Burguillos,0,190992.51821022,4248170.12000351
Calzadilla,1.6141850116093974,1.1313931483485964,1.2845216745336892,1.231313693375232,42,1.426723340127606,1.2978484245925526,Calzadilla,0,198944.039693026,4440673.45992731
Talarrubias,1.5580614191414859,1.0940826842676337,1.3235357354726673,1.296130405846531,42,1.4240801372196419,1.1956639964661755,Talarrubias,0,306821.661471904,4323494.03637111
Higuera de la Serena,1.5491320427585389,1.0924157034501056,1.2304965136253412,1.2174445177359798,42,1.4180792512099705,1.2713851370674802,Higuera de la Serena,0,261549.900673448,4281126.97414319
Santiago del Campo,1.6098781901996435,1.137184904832481,1.323340222277216,1.2850183518316127,42,1.4156696798897408,1.1859215808402646,Santiago del Campo,1,211417.71481691,4392055.57431461
Usagre,1.4296971017355933,1.011708343419885,1.2206548376658373,1.2169156976811075,42,1.4131514393790388,1.1775493579664549,Usagre,1,223458.597186722,4250267.30977057
Esparragosa de Lares,1.6529599158441282,1.170840191436203,1.3861436654912247,1.3919516659670899,42,1.4117724416485364,1.3714794309176166,Esparragosa de Lares,0,303447.849131883,4316626.20507748
Villa del Campo,1.593828373335902,1.1305275655842397,1.275992770287804,1.2726533583529283,42,1.4098093862153953,1.126031416694938,Villa del Campo,0,208145.841433061,4449226.79993895
Villanueva de la Sierra,1.6165562424564344,1.1468234134742237,1.2834385714421082,1.2548022641428944,42,1.4095947322519227,1.3220148157160283,Villanueva de la Sierra,1,210245.407326792,4455802.80618844
Torreorgaz,1.6031144571981137,1.1373398863351107,1.2991579938752482,1.2763665530710653,42,1.4095297953225612,1.2318834052208556,Torreorgaz,1,220244.996994033,4364347.86825223
Aldea del Cano,1.5438582252494057,1.095764628518484,1.3038081135517485,1.3050528828178298,42,1.4089323428305598,1.0199921822715767,Aldea del Cano,1,213902.317839646,4354143.30760572
Bienvenida,1.521216182298581,1.079754886932981,1.2356974390664044,1.2154400704418749,42,1.4088532505924198,1.3231095552167425,Bienvenida,1,219443.46491441,4244013.63346861
Carbajo,1.6061968652929934,1.1445170226633916,1.307772972486409,1.3138719287846292,42,1.4033839894798876,1.2078721046271337,Carbajo,0,139863.745559549,4392249.62743826
"Santos de Maimona, Los",1.4784853910272302,1.0539396557746803,1.205762703294563,1.1964212794326512,42,1.4028178775951787,1.3134411076672021,,0,,
"Carrascalejo, El",1.5179039587333072,1.0879326399403577,1.2820453126118445,1.2558994964821557,42,1.3952186955403059,1.0015076525985394,,0,,
Escurial,1.469178486492875,1.0551623145456048,1.2254902303576318,1.235639716881914,42,1.3923720229958763,1.0648585786653029,Escurial,0,250950.118086699,4339525.28529449
Robledollano,1.7306817621958017,1.2438965457144084,1.4166261550160901,1.381398999630444,42,1.3913389888881935,1.1651648911320869,Robledollano,0,284798.370121813,4387544.114254
Peraleda del Zaucejo,1.5683157481689947,1.1276086789693547,1.2435902184024268,1.248639931834873,42,1.3908333426472477,1.358098390284802,Peraleda del Zaucejo,0,276349.313082905,4261577.58989138
Villamiel,1.6044828335606127,1.1547757625721362,1.2940276592306947,1.2462250953183567,42,1.38943237775168,1.2320414984748593,Villamiel,1,177977.54759196,4455430.75479671
Cilleros,1.467749810743271,1.0607561392768838,1.2325219004371524,1.2170950069504411,42,1.3836825980982153,1.278463970563871,Cilleros,1,176967.567120293,4447323.80233938
Valle de Matamoros,1.5593138114624159,1.127483073865576,1.253290269971485,1.232821877080848,42,1.3830041865873057,1.362952440330447,Valle de Matamoros,0,167913.569871452,4254887.61817503
Llerena,1.4876955037483044,1.0770643886664082,1.225288940949819,1.2240183455963476,42,1.3812502942283038,1.3702717310504315,Llerena,0,236143.714147699,4236514.258661
Calzadilla de los Barros,1.5349965812018658,1.1123864017345046,1.2223506929908596,1.2061698079904741,42,1.3799131118542982,1.2576033341187558,Calzadilla de los Barros,0,210057.669460203,4244573.87193963
Puebla de Alcocer,1.5919875967663328,1.1563501850701765,1.3577957694284226,1.3683968254464882,42,1.3767348484228576,1.2412852452863605,Puebla de Alcocer,0,304747.787391049,4317726.18376403
Berzocana,1.637703170238335,1.1903266159997514,1.348872131376471,1.2935247721081047,42,1.3758435275034435,1.1968149495198246,Berzocana,0,288348.295763909,4368324.67079457
Hornachos,1.5586616549336363,1.1332539420884666,1.254442820211873,1.2267325746328614,42,1.3753860428327198,1.1534836392956174,Hornachos,0,232844.58286239,4272004.56580725
Valverde del Fresno,1.5527713525455642,1.129415471246967,1.271515740581648,1.2377679123647543,42,1.3748451230539436,1.2662917049431137,Valverde del Fresno,1,170089.613581434,4459676.7723271
Olivenza,1.5031988849540685,1.0972215211088188,1.2169704250633206,1.1932893621777727,42,1.3700049224654118,1.3124355033851476,Olivenza,0,143404.630412509,4289694.979563
Maguilla,1.5523577881436028,1.1362973268683105,1.2474565176052859,1.2396412049852468,42,1.3661545719041466,1.13322522395056,Maguilla,0,252300.451872141,4250477.77037682
Torrequemada,1.5515461938104371,1.1391037920652367,1.294803823909124,1.2772721490456063,42,1.3620762257295511,1.2129978973897118,Torrequemada,0,222673.6496288,4362431.93552581
Castuera,1.4492312494693984,1.0674330461966415,1.1986561063347139,1.1971385183131518,42,1.3576788301928049,1.1367031188266201,Castuera,0,278869.083622126,4289076.83871633
Carmonita,1.550619782030665,1.1452815366292817,1.2729772586671242,1.2501991981683283,42,1.3539201780850747,1.0022787038882222,Carmonita,0,211568.112826852,4339360.43647563
Esparragosa de la Serena,1.5082813503692016,1.1147873330182467,1.256025220703683,1.2530648155029713,42,1.3529767568183466,1.2853263613821928,Esparragosa de la Serena,0,273349.366874407,4281177.0289042
Esparragalejo,1.4749166098575912,1.0925374127250023,1.2443820069208822,1.237905396311299,42,1.3499918562778188,1.3499918562778188,Esparragalejo,0,202274.773257213,4316313.78985354
Retamal de Llerena,1.5634363455862272,1.158562300548808,1.2643574161466575,1.251391256029648,42,1.3494624715870969,1.0687806844607288,Retamal de Llerena,0,252850.320044944,4273827.12227472
Torremocha,1.5349272214795848,1.1404166526090482,1.291216960609715,1.2908237904959527,42,1.3459354683816431,1.1169478277223337,Torremocha,0,226712.344441984,4360008.05417752
Llera,1.493078503445544,1.1104481970893443,1.2526773570150251,1.2371267003744681,42,1.3445728556803755,1.1686782862263652,Llera,0,233412.833084715,4259991.49764378
Sierra de Fuentes,1.5366561877189633,1.1431877920491893,1.2879994691807584,1.2527501402246406,42,1.3441852672031016,1.2394624386707405,Sierra de Fuentes,0,218511.444483146,4370678.69026383
"Nava de Santiago, La",1.578826692429664,1.1754458282705873,1.30758827224588,1.2911835605028121,42,1.3431726536922282,1.280861243031495,,0,,
Zarza la Mayor,1.493034557487502,1.1129978756955135,1.2918191476042022,1.287400885468121,42,1.3414531959950986,1.3414531959950986,Zarza la Mayor,0,169813.841587804,4421423.87079564
"Codosera, La",1.5721293236210865,1.1723085563969824,1.2807116112463999,1.260525310489937,42,1.3410542088449209,1.1273515001113832,,0,,
Jerez de los Caballeros,1.5069040648544048,1.1244724995486717,1.2156178468802608,1.2160435908403782,42,1.340098637769469,1.2799670787970314,Jerez de los Caballeros,1,170493.580131816,4248300.57577643
Arroyomolinos,1.510896389787197,1.1300687332470132,1.281182841135323,1.2780843237162007,42,1.336995127230851,1.0255598367733372,Arroyomolinos,0,226992.9905368,4342197.56295756
Miajadas,1.445068036949972,1.080884229961707,1.2063532538944874,1.2085264220418703,41,1.3369313723831155,1.06014864433366,Miajadas,0,248850.221863826,4337725.31666395
Atalaya,1.5229253402237635,1.1429775794608388,1.235993610921752,1.2134222906763856,42,1.332419259651753,1.2748264707982446,Atalaya,0,196455.892130757,4248616.72105768
Malpartida de la Serena,1.5389492163455134,1.1551728454730683,1.2719417501017332,1.2568668211938214,42,1.332224196903867,1.1695148748926376,Malpartida de la Serena,0,270449.478434479,4284076.93406681
Almendralejo,1.4148191656102556,1.0664974160576173,1.1955851790330738,1.1755271252089003,42,1.3266034631759673,1.3266034631759673,Almendralejo,0,203721.564491683,4287243.42546669
Valencia de las Torres,1.4354298549849964,1.0851982444534358,1.2366334920742732,1.2241266998143105,42,1.322735142930457,1.1292874754742788,Valencia de las Torres,0,237793.73442067,4254945.70489405
Alburquerque,1.5024544087875196,1.1361687271652838,1.2585655807733072,1.2496592408995577,42,1.3223866956240826,1.3223866956240826,Alburquerque,1,154844.602490127,4349038.68188599
Nogales,1.4475694061856146,1.0952074980272573,1.2086862870091846,1.1959514154695472,42,1.3217307302890542,1.3047627479473674,Nogales,0,173664.497412427,4277680.81260759
Valdefuentes,1.49818260111297,1.1344113727949015,1.2712017194415484,1.2661471798280324,42,1.320669588688827,1.0740787919560293,Valdefuentes,0,230592.429373914,4351881.75923094
Zalamea de la Serena,1.4885144138914965,1.1288212175894414,1.2781243606329387,1.288692089206059,42,1.3186449640538893,1.3186449640538893,Zalamea de la Serena,0,268699.575412305,4281526.99142701
Berlanga,1.4294224687557022,1.085519704300478,1.2076764851037178,1.2066184755791205,42,1.3168093246882508,1.2811015325852793,Berlanga,0,252650.474433837,4241128.02990056
Zarza-Capilla,1.539133441293335,1.1732008574005923,1.3463017562382293,1.3796495547576906,42,1.3119095776178709,1.2421023915387437,Zarza-Capilla,0,312897.505378877,4297676.79066143
Villagonzalo,1.4607635708631268,1.1164665727495031,1.2522825616963467,1.2395854319024522,42,1.3083809282939205,1.073661177236847,Villagonzalo,0,222733.144718811,4306544.74259423
Hinojosa del Valle,1.4698055700532624,1.1234733689985659,1.2508338579436775,1.2456194155440434,41,1.3082691682878143,1.2203012315826984,Hinojosa del Valle,0,222290.457466017,4264325.46575369
Conquista de la Sierra,1.5237360356841938,1.1652527954729943,1.2733785507775497,1.2347114630942428,42,1.307644179532464,1.29961007152784,Conquista de la Sierra,0,264549.41256455,4359424.79282496
Higuera de Llerena,1.4266818607124072,1.0922484158802301,1.2391016577744165,1.2349390574666173,42,1.3061880795337764,1.1208487602981967,Higuera de Llerena,0,238151.082715089,4251827.6561949
Risco,1.5545615046868966,1.1915029309224159,1.3865785367664079,1.4044146572610168,42,1.3047064042749896,1.1959897269502637,Risco,0,316147.308964447,4309126.48913831
Puebla del Maestre,1.4979473711189037,1.1512024325650303,1.2633920849954594,1.2580009614255279,42,1.3012024025881184,1.1888714060938337,Puebla del Maestre,0,230154.15928455,4219866.44339936
Talavera la Real,1.4415293386508041,1.1126093318486472,1.2306063299333379,1.2099077942426957,42,1.2956293798611616,1.2661694351458948,Talavera la Real,0,173129.346153978,4310011.6819908
Piedras Albas,1.4789697569698699,1.1417956590237843,1.262371482652344,1.2552631104108034,42,1.2953016113534392,1.2584950231337226,Piedras Albas,0,163959.204592677,4411334.00970341
Fuente del Maestre,1.4297222450967935,1.1061339309241147,1.182765584011294,1.1700997126600177,42,1.2925399041889425,1.283997836519612,Fuente del Maestre,0,199582.916446467,4269969.0179768
Valdemorales,1.4421024625637826,1.120732229307603,1.2710687765904138,1.2555903900326146,41,1.2867502377929514,1.0755882388070293,Valdemorales,0,235292.538288988,4344172.99981229
Bodonal de la Sierra,1.438130434372002,1.118498503050094,1.198738035571052,1.1900503109486533,42,1.2857687609328814,1.2064665404366897,Bodonal de la Sierra,0,188247.87230358,4228294.37775305
Casas de Reina,1.3892167583455692,1.0811623847139284,1.2270085424712383,1.2265187676784444,42,1.2849288672886552,1.266901382333318,Casas de Reina,0,240051.075676744,4232528.18788725
Campillo de Llerena,1.461390138331017,1.1383023749715389,1.2464222364767696,1.2401487853178228,42,1.283832987142416,1.0597386989585647,Campillo de Llerena,1,253200.344357668,4265427.35573756
Palomas,1.4507307166624774,1.1317239937824892,1.2395809241336893,1.2267773799046098,42,1.281876786771828,1.2059071907372296,Palomas,0,227488.109463734,4287388.78472634
Cabeza del Buey,1.4279736383350656,1.114274121670918,1.2621579429245504,1.259710167481218,42,1.2815281361768838,1.0899067245420992,Cabeza del Buey,0,307047.81003993,4288277.01097829
Almendral,1.3988312342860325,1.091661670852232,1.1980532838103588,1.1923225859283981,42,1.2813779870039783,1.2813779870039783,Almendral,0,167409.247159862,4280948.85713938
Campo Lugar,1.4414639561082887,1.124978769613941,1.2385580844516957,1.230598241702195,41,1.2813254747935874,1.0175485818609482,Campo Lugar,0,260799.663019047,4342275.25855147
Torre de Miguel Sesmero,1.3972063257059615,1.0945632421092784,1.2111195773225507,1.2009874584432616,42,1.2764966627359737,1.2629538154501727,Torre de Miguel Sesmero,0,169648.950744681,4281454.13961979
Abertura,1.4200832169044753,1.1238661846311826,1.2516514481910188,1.2402611533799401,41,1.2635696636521738,1.0444512495338578,Abertura,0,257299.792241677,4347725.08160208
Oliva de la Frontera,1.4572774623522684,1.153983226316222,1.233625252667597,1.2228330454522072,42,1.2628237821135675,1.214052412353888,Oliva de la Frontera,1,157364.687715438,4243838.30574681
Santa Marta,1.3688764791327774,1.0840769633123863,1.19381055229098,1.180019488302363,42,1.262711528294254,1.1551864971360806,Santa Marta,0,184421.852048258,4280386.3707078
Calamonte,1.4048546151649728,1.1125742451498637,1.2268814574403901,1.2085283335594526,42,1.2627063958106803,1.1086738446564144,Calamonte,0,206421.987731058,4310024.83393333
Ahillones,1.3714499480790054,1.0882287783138158,1.2239967980068145,1.2253441620863947,42,1.2602588494342466,1.1224516226259293,Ahillones,0,249400.634213316,4238628.07790323
Villafranca de los Barros,1.3200723287910903,1.0484998328491284,1.2007751171712029,1.1958125609008823,42,1.2590105285987576,1.2476887142394644,Villafranca de los Barros,0,209247.25161592,4273648.10366513
"Albuera, La",1.3362486606233877,1.0645188577388707,1.2070813961758486,1.1940277394138983,42,1.2552606756649614,1.204607136715375,,0,,
Reina,1.3616243561137953,1.0849699435727485,1.2251976742824848,1.224334949492559,42,1.2549880890064462,1.2134036432736686,Reina,0,241951.000169711,4230628.25275545
Higuera la Real,1.377735616262386,1.098362583810681,1.1940935425400003,1.1907850750783517,42,1.2543541054379717,1.188559162525219,Higuera la Real,1,176793.013622453,4227933.7002794
Trasierra,1.3871613952572794,1.106405559518195,1.2370406442641284,1.2284158603048514,42,1.2537549032755628,1.187849050705092,Trasierra,0,237821.182993814,4231358.21735097
Azuaga,1.3635406364291127,1.0881693306153029,1.1982995214545726,1.203676896592277,42,1.253059241853565,1.253059241853565,Azuaga,0,266049.886758429,4237928.18746664
Monterrubio de la Serena,1.3559690641940498,1.0826384706094,1.1995620352109435,1.19005197773219,42,1.252467098671264,1.0670970464771472,Monterrubio de la Serena,0,287148.775343739,4274027.30723098
Valle de Santa Ana,1.4454141894087256,1.1547691067048755,1.2347480613141482,1.2225371012807182,42,1.2516910792090754,1.221866414061506,Valle de Santa Ana,1,169100.865605342,4253406.09905679
Granja de Torrehermosa,1.3791911957537115,1.1077677827994743,1.2313143509560445,1.2379940623701065,42,1.2450183307085485,1.2450183307085485,Granja de Torrehermosa,0,273049.541257479,4243628.07080504
Valencia del Mombuey,1.3964276948658254,1.1302690068674504,1.2163832660473926,1.2201162890660875,42,1.235482603151294,1.1864811180218982,Valencia del Mombuey,1,139569.318114953,4240931.60676457
Salvatierra de los Barros,1.3722930311131258,1.111268993381594,1.2038503156825855,1.1761586257279864,42,1.2348882577360816,1.1570058438928568,Salvatierra de los Barros,0,178721.064239294,4266819.64927304
Villalba de los Barros,1.3692648051752643,1.1088271215864127,1.2075399614008233,1.1910036257420984,42,1.234876725612772,1.132666773035371,Villalba de los Barros,0,194612.591293342,4279819.31539555
Corte de Peleas,1.3945024392729404,1.130403077589733,1.2257858232365562,1.2173009812830418,42,1.2336329110553426,1.079896809039678,Corte de Peleas,0,181123.314786399,4292787.19755654
Barcarrota,1.342024394797964,1.0950900442398301,1.2087652220553664,1.1972701595642483,42,1.225492279705224,1.225492279705224,Barcarrota,0,164583.377887839,4269949.74146194
Fuente de Cantos,1.357143221592777,1.1085062442810591,1.1943922747726883,1.1928237526153898,42,1.2242991219891375,1.222291710300154,Fuente de Cantos,1,210576.519256137,4238675.90281686
Aceuchal,1.3531996032848348,1.1079624846088125,1.1932416693073615,1.177451085979346,42,1.2213406338957478,1.12258584368784,Aceuchal,0,196714.636682311,4283592.04238566
Solana de los Barros,1.3457562216221592,1.1019291073403796,1.2018852895145857,1.1857789370008216,42,1.2212729590838032,1.1766207200165235,Solana de los Barros,1,192628.756595015,4292382.91168752
Fuente del Arco,1.3146816902582918,1.077965616042052,1.2104738604515308,1.2176440010503233,42,1.2195951992285117,1.0722170135790732,Fuente del Arco,0,246350.817688772,4226678.3835443
Monesterio,1.3404700413648682,1.1054492319048836,1.1976120456215489,1.187640760037543,42,1.2126020830961204,1.1280613507767177,Monesterio,0,213224.044346896,4220761.73252889
Valverde de Llerena,1.3299024523143048,1.0991979501565319,1.2242119182907891,1.2258926237701904,42,1.2098843999162474,1.1006388464169163,Valverde de Llerena,0,253110.484706801,4233428.23321664
Cheles,1.3212096880019346,1.1083234642529924,1.2077630721558366,1.1984073621178446,42,1.192079506222876,1.1809497236361135,Cheles,0,126861.594089967,4271511.87340683
Higuera de Vargas,1.346549883384882,1.13002356028704,1.2159497080488049,1.2116601638664144,42,1.1916122200521566,1.1916122200521566,Higuera de Vargas,0,153287.045855984,4262862.96744994
Fregenal de la Sierra,1.288560969127132,1.093017095737044,1.1846908154641227,1.1861460285966623,42,1.1789028498755811,1.1594097591940251,Fregenal de la Sierra,0,180193.808195302,4230892.23086217
Villanueva del Fresno,1.3021984675953784,1.1161067593361433,1.205923202403225,1.2080465079675924,42,1.1667328924429432,1.1164221750275711,Villanueva del Fresno,0,136128.896590036,4255754.61635045
Alconchel,1.2906699923607796,1.111816010657303,1.217393257931469,1.2178461658323676,42,1.1608665282646349,1.0978075191614427,Alconchel,0,145191.636633673,4271016.32766759
