plant_id,C_i_S1,D90_i_S1,Prec_i_S1,Rec_i_S1,Leak_dg_i_S1,IET_i_S1,C_i_S2,D90_i_S2,Prec_i_S2,Rec_i_S2,Leak_dg_i_S2,IET_i_S2,C_i_S3,D90_i_S3,Prec_i_S3,Rec_i_S3,Leak_dg_i_S3,IET_i_S3,delta_C_i_S2_minus_S1,delta_C_i_S3_minus_S2,delta_D90_i_S2_minus_S1,delta_D90_i_S3_minus_S2,delta_Prec_i_S2_minus_S1,delta_Prec_i_S3_minus_S2,delta_Rec_i_S2_minus_S1,delta_Rec_i_S3_minus_S2,delta_Leak_dg_i_S2_minus_S1,delta_Leak_dg_i_S3_minus_S2,delta_IET_i_S2_minus_S1,delta_IET_i_S3_minus_S2
-4,,,,,,,29.717310590091238,25.40289544175304,0.0,0.0,0.0,0.0,,,,,,,,,,,,,,,,,,
-3,,,,,,,50.54080972550986,45.10490215188791,0.0,0.0,0.0,0.0,,,,,,,,,,,,,,,,,,
-2,,,,,,,15.283130862680656,21.18688090040648,0.0,0.0,0.0,0.0,,,,,,,,,,,,,,,,,,
-1,,,,,,,25.344671502059796,13.46184301367229,0.0,0.0,0.0,0.0,,,,,,,,,,,,,,,,,,
1,13.900284005979074,32.74726588907403,1.0,1.0,0.0,100.0,12.54503536134516,32.75344862551221,1.0,0.9870165061857964,0.2164287770315116,101.21738868278588,12.807822304459066,23.379397421140013,1.0,0.3480583913748688,0.0,369.71892582583166,-1.3552486446339138,0.2627869431139054,0.006182736438184122,-9.3740512043722,0.0,0.0,-0.012983493814203606,-0.6389581148109276,0.2164287770315116,-0.2164287770315116,1.2173886827858809,268.50153714304577
3,11.369840065115593,31.84472791519438,1.0,1.0,0.0,100.0,11.0035409417138,38.65667757027469,0.8690336863376082,1.0,0.0,65.14641634741821,9.903820876830787,37.55118414281049,0.8861308039887815,1.0,0.0,81.30522565605378,-0.3662991234017934,-1.0997200648830123,6.8119496550803085,-1.1054934274641965,-0.13096631366239175,0.017097117651173277,0.0,0.0,0.0,0.0,-34.85358365258179,16.15880930863557
4,14.461589622366194,26.86704842428901,1.0,1.0,0.0,100.0,15.025250504661845,27.06659757496043,1.0,0.9190030928150352,0.6210348236525713,104.70244616784298,,,,,,,0.5636608822956504,,0.19954915067141954,,0.0,,-0.08099690718496477,,0.6210348236525713,,4.702446167842979,
5,18.28855608365019,57.55339351966362,1.0,1.0,0.0,100.0,18.312716958640426,57.60594716335444,1.0,0.9940405576552598,0.1722343978283552,100.54304660327388,19.233059310022306,58.63088558001485,1.0,0.8807984790874525,0.0,108.12539633912996,0.02416087499023689,0.9203423513818798,0.05255364369082116,1.0249384166604045,0.0,0.0,-0.005959442344740218,-0.11324207856780732,0.1722343978283552,-0.1722343978283552,0.5430466032738792,7.582349735856084
6,12.034656936361932,23.959539708265805,1.0,1.0,0.0,100.0,12.00307161762879,24.74700537098059,1.0,0.9307396251454852,0.4767126743588961,103.23784488912592,11.75020752984785,21.23006465227818,0.8569889228912547,0.9331237094049184,0.0,85.17791981006722,-0.03158531873314274,-0.2528640877809387,0.7874656627147871,-3.5169407187024113,0.0,-0.14301107710874528,-0.06926037485451475,0.00238408425943315,0.4767126743588961,-0.4767126743588961,3.237844889125924,-18.0599250790587
7,13.35391901261961,18.420035790980677,1.0,1.0,0.0,100.0,13.375485037974544,18.42224983518216,1.0,0.9984135348772708,0.0245369537614636,100.10862026083068,13.35649449452226,18.415391052254837,1.0,1.0,0.0,100.01844823306944,0.021566025354934126,-0.01899054345228457,0.0022140442014837447,-0.006858782927324114,0.0,0.0,-0.001586465122729197,0.001586465122729197,0.0245369537614636,-0.0245369537614636,0.10862026083067633,-0.09017202776124122
8,13.066441362101862,26.56943678613628,1.0,1.0,0.0,100.0,13.065366966457535,26.578506498621508,1.0,0.9991105239982386,0.0311933750698747,100.12013697679592,13.066075223836783,26.57189459629776,1.0,1.0,0.0,100.01322176795432,-0.0010743956443270974,0.0007082573792480673,0.009069712485228365,-0.006611902323747643,0.0,0.0,-0.000889476001761369,0.000889476001761369,0.0311933750698747,-0.0311933750698747,0.12013697679591928,-0.106915208841599
9,10.70516695332424,23.297028829353525,1.0,1.0,0.0,100.0,10.71725972162854,23.29858838901325,1.0,0.9952932801779254,0.0893315635193454,100.4610394003288,10.583272017822122,32.937555834324215,0.6658352086327034,1.0,0.0,63.13487369058426,0.01209276830430106,-0.13398770380641878,0.001559559659725096,9.638967445310964,0.0,-0.3341647913672966,-0.004706719822074601,0.004706719822074601,0.0893315635193454,-0.0893315635193454,0.46103940032880075,-37.326165709744544
10,16.00599944759011,40.91201344332417,1.0,1.0,0.0,100.0,16.055300472458075,40.923169635703495,1.0,0.9944979973981496,0.1446329062364301,100.21789935506274,16.44355686071225,42.52825390365618,0.9383909595147996,1.0,0.0,87.86559533855275,0.04930102486796528,0.38825638825417386,0.011156192379324636,1.6050842679526838,0.0,-0.06160904048520044,-0.005502002601850409,0.005502002601850409,0.1446329062364301,-0.1446329062364301,0.21789935506274105,-12.35230401650999
11,19.9069001126549,65.49809286618826,1.0,1.0,0.0,100.0,21.21482016113075,67.13603914930222,1.0,0.8147014642039053,8.044460009447038,114.11704826594794,19.90650953342095,65.49850132545377,1.0,1.0,0.0,100.00181146717114,1.3079200484758502,-1.3083106277097976,1.637946283113962,-1.6375378238484473,0.0,0.0,-0.18529853579609468,0.18529853579609468,8.044460009447038,-8.044460009447038,14.117048265947943,-14.115236798776806
13,14.352079255964416,44.32345078979344,1.0,1.0,0.0,100.0,14.406222219929262,44.48774832518567,1.0,0.9774708184014018,0.5376513299603543,102.53749443414728,14.171827361182446,44.73367289185905,1.0,0.9447634452082492,0.0,110.96489282579252,0.0541429639648463,-0.23439485874681587,0.16429753539222958,0.2459245666733807,0.0,0.0,-0.02252918159859818,-0.032707373193152645,0.5376513299603543,-0.5376513299603543,2.537494434147277,8.42739839164524
14,14.859163889896957,38.41,1.0,1.0,0.0,100.0,14.879212430502308,38.41,1.0,0.9844883595944268,0.0073946958659232,101.76812092747902,14.189345410584025,38.4093,0.7621554181427413,1.0,0.0,78.82754974519264,0.02004854060535166,-0.6898670199182835,0.0,-0.0006999999999948159,0.0,-0.23784458185725865,-0.01551164040557318,0.01551164040557318,0.0073946958659232,-0.0073946958659232,1.7681209274790177,-22.940571182286376
16,22.77125548726954,44.02,1.0,1.0,0.0,100.0,22.787054627290416,44.02,1.0,0.9983985951536436,0.0032606458857305,100.29535180432948,,,,,,,0.0157991400208779,,0.0,,0.0,,-0.0016014048463564023,,0.0032606458857305,,0.29535180432948493,
18,7.245807356154407,17.538010535277216,1.0,1.0,0.0,100.0,6.602413536356831,19.889515869000512,0.9863147611151014,0.9948359705711172,0.1546190296550361,115.42041899255209,7.492889136047777,27.972971552660155,0.9162316595381628,1.0,0.0,83.01626826069023,-0.6433938197975761,0.8904755996909461,2.3515053337232956,8.083455683659643,-0.013685238884898587,-0.07008310157693864,-0.0051640294288828326,0.0051640294288828326,0.1546190296550361,-0.1546190296550361,15.420418992552086,-32.40415073186186
19,14.291275515600212,26.57865125240852,1.0,1.0,0.0,100.0,13.417857742633442,25.3238802786949,0.9490382416206864,0.9915425653681188,0.1189588513667081,104.03786338049792,13.917448409652488,23.54249673015873,0.9078912780610904,0.9824212083285926,0.0,90.9782436817544,-0.8734177729667696,0.49959066701904575,-1.2547709737136188,-1.7813835485361693,-0.050961758379313604,-0.04114696355959602,-0.0084574346318812,-0.009121357039526212,0.1189588513667081,-0.1189588513667081,4.0378633804979245,-13.059619698743518
20,11.056411146838157,9.428423464711274,1.0,1.0,0.0,100.0,11.247026983199111,17.524584202140453,0.923806504975631,0.7088408510627003,1.6343356920887322,113.43905573123745,11.033301493877255,27.54640886514583,0.8376126692282831,1.0,0.0,54.66348405844493,0.19061583636095492,-0.2137254893218561,8.096160737429178,10.021824663005376,-0.076193495024369,-0.08619383574734785,-0.29115914893729966,0.29115914893729966,1.6343356920887322,-1.6343356920887322,13.439055731237445,-58.775571672792516
21,16.876418011511117,38.13274797522631,1.0,1.0,0.0,100.0,17.297995443606855,38.57128,1.0,0.9558334273783996,0.3523488519666343,104.56757421164605,,,,,,,0.42157743209573795,,0.4385320247736928,,0.0,,-0.0441665726216004,,0.3523488519666343,,4.567574211646047,
22,14.013048083623692,30.339165894346618,1.0,1.0,0.0,100.0,11.682597136250736,30.33064281414788,0.9999123951378368,0.7440787582440541,3.976655128990238,136.44592164782705,11.24936183617683,32.22114418604652,0.9052125553775096,0.9923738271400818,0.0,79.49901099,-2.330450947372956,-0.43323530007390687,-0.008523080198738597,1.8905013718986439,-8.760486216319308e-05,-0.09469983976032725,-0.2559212417559459,0.2482950688960277,3.976655128990238,-3.976655128990238,36.44592164782705,-56.94691065782705
24,21.329099955771785,18.470472143531637,1.0,1.0,0.0,100.0,21.891430448589254,18.51493220018886,1.0,0.9693763821318002,0.1210232476579791,103.14110108209364,,,,,,,0.5623304928174697,,0.04446005665722197,,0.0,,-0.03062361786819978,,0.1210232476579791,,3.141101082093641,
25,11.619492596605271,17.588249664429533,1.0,1.0,0.0,100.0,11.925347824777456,19.430773973405547,0.9105430407597124,0.9628972087414932,0.3615798289869898,88.43361138876496,11.170289137801204,13.56401,1.0,0.959191043698086,0.0,118.04324044449464,0.30585522817218447,-0.7550586869762519,1.8425243089760137,-5.866763973405547,-0.08945695924028763,0.08945695924028763,-0.037102791258506795,-0.0037061650434071503,0.3615798289869898,-0.3615798289869898,-11.566388611235041,29.609629055729684
27,11.85365747386979,25.650363748458695,1.0,1.0,0.0,100.0,9.970495592468426,20.639917312334227,0.9991726659788864,0.9563062589598288,0.8537806987016091,103.87427126043112,10.508723529546444,33.271329124423964,0.9013210614282116,1.0,0.0,69.02023697096463,-1.8831618814013638,0.5382279370780179,-5.010446436124468,12.631411812089738,-0.0008273340211135682,-0.09785160455067488,-0.04369374104017121,0.04369374104017121,0.8537806987016091,-0.8537806987016091,3.874271260431115,-34.85403428946648
29,8.726001596877218,21.03112487611497,1.0,1.0,0.0,100.0,12.30904262221179,49.397194720872186,0.8296128840762936,0.9590298506398724,0.3767248148470586,39.88581224147877,9.050253017574434,28.725572129697863,0.9265622174363358,1.0,0.0,79.96813001959762,3.5830410253345715,-3.2587896046373555,28.366069844757217,-20.671622591174323,-0.17038711592370637,0.09694933336004219,-0.04097014936012755,0.04097014936012755,0.3767248148470586,-0.3767248148470586,-60.11418775852123,40.082317778118856
30,26.14201595744681,25.373821138211383,1.0,1.0,0.0,100.0,32.553994947241314,25.34754582881907,1.0,0.7665585106382979,1.6070071524815293,132.42311730661925,,,,,,,6.411978989794505,,-0.026275309392314483,,0.0,,-0.23344148936170206,,1.6070071524815293,,32.42311730661925,
31,19.491429731375604,47.81885714285715,1.0,1.0,0.0,100.0,19.659984026536723,47.857723914621744,1.0,0.863207158989089,0.5589005522938405,114.1521205798994,20.248922907356267,52.94937439222042,0.7421039417524479,1.0,0.0,66.6451339241282,0.16855429516111897,0.5889388808195442,0.03886677176459585,5.091650477598677,0.0,-0.25789605824755213,-0.13679284101091105,0.13679284101091105,0.5589005522938405,-0.5589005522938405,14.152120579899403,-47.5069866557712
33,24.84281189083821,31.43,1.0,1.0,0.0,100.0,27.29668667834665,31.43,1.0,0.8937539855990997,0.0019442252367291,108.82215181094334,,,,,,,2.4538747875084397,,0.0,,0.0,,-0.10624601440090031,,0.0019442252367291,,8.822151810943339,
36,18.11904768151112,14.309695749440715,1.0,1.0,0.0,100.0,10.76150236080316,14.349247200074627,1.0,0.9281065130058372,0.2999980347607003,113.56022835477232,10.81960111497344,14.306940357941835,1.0,1.0,0.0,100.03009414943097,-7.35754532070796,0.05809875417027932,0.039551450633911855,-0.0423068421327919,0.0,0.0,-0.07189348699416276,0.07189348699416276,0.2999980347607003,-0.2999980347607003,13.56022835477232,-13.530134205341355
39,14.378141032949491,36.74019794253282,1.0,1.0,0.0,100.0,14.32202919470276,35.89821472165342,0.9975489805849976,0.9846542194981284,0.0641971822772889,102.62126676405848,14.527587684069612,37.905848537666174,0.8489513609995538,1.0,0.0,67.78002645968785,-0.05611183824673205,0.20555848936685273,-0.8419832208793991,2.0076338160127563,-0.0024510194150023645,-0.14859761958544382,-0.015345780501871631,0.015345780501871631,0.0641971822772889,-0.0641971822772889,2.6212667640584755,-34.84124030437063
41,13.703006635700069,28.649229422066558,1.0,1.0,0.0,100.0,13.480805063132332,27.177463321161326,0.9908896905110643,0.9165215658925016,0.7752530815908512,114.24440792916155,13.168929994535093,28.60300633213859,1.0,0.8499668214996682,0.0,132.88334352686866,-0.22220157256773732,-0.3118750685972387,-1.4717661009052314,1.4255430109772647,-0.009110309488935653,0.009110309488935653,-0.08347843410749844,-0.06655474439283338,0.7752530815908512,-0.7752530815908512,14.244407929161554,18.638935597707103
42,25.89354361754559,40.76381578947369,1.0,1.0,0.0,100.0,26.169039933689888,40.345965232020205,1.0,0.9811483489403648,0.0538887517726589,103.73497038858184,,,,,,,0.2754963161442987,,-0.4178505574534839,,0.0,,-0.018851651059635155,,0.0538887517726589,,3.734970388581843,
44,15.826323898244356,32.90970967741935,1.0,1.0,0.0,100.0,15.652567663534644,29.615295509299017,0.9885750419580752,0.9933166129224892,0.0,101.67708218953528,,,,,,,-0.17375623470971213,,-3.2944141681203334,,-0.011424958041924782,,-0.006683387077510816,,0.0,,1.6770821895352839,
45,17.874023928335237,40.04575655682582,1.0,1.0,0.0,100.0,17.236786253168045,34.182915267702576,0.9794429412467514,0.8187290324415318,0.0337973502527245,130.81514340834482,17.067705754340206,40.393545554808334,0.9655228624989812,0.7121986412553358,0.0,150.45963720511594,-0.6372376751671922,-0.1690804988278387,-5.862841289123246,6.210630287105758,-0.020557058753248647,-0.013920078747770126,-0.18127096755846817,-0.106530391186196,0.0337973502527245,-0.0337973502527245,30.815143408344824,19.644493796771116
46,7.924741146536504,21.964188560799816,1.0,1.0,0.0,100.0,7.990038325284978,19.07259243865908,0.9922557407842352,0.9842594351566596,0.4047444554304847,99.6851591713674,8.76461540950176,30.771755849056603,0.8858393578607625,1.0,0.0,71.07290468592292,0.06529717874847396,0.7745770842167818,-2.8915961221407365,11.699163410397524,-0.007744259215764826,-0.10641638292347266,-0.01574056484334041,0.01574056484334041,0.4047444554304847,-0.4047444554304847,-0.31484082863259744,-28.61225448544448
