mun_norm,plant_id,dist_km,prod_t
ahigal,-1,26.007516605390318,13.44
aldeanueva del camino,-1,0.6588471809350694,400.0
baos de montemayor,-1,9.717690894024555,338.5502249396397
casas del monte,-1,9.153618702127964,20.759999999999998
garganta la,-1,15.94208646695692,77.58
gargantilla,-1,3.2810055737057358,12.68
granja la,-1,7.713298037389742,90.78
guijo de granadilla,-1,24.03537724029351,29.46
hervs,-1,6.851404521067758,465.0199999999999
jarilla,-1,13.93818234338216,23.942980233147487
pinofranqueado,-1,45.7077083219388,5.3
plasencia,-1,33.87028553683549,1.6158386130353932
segura de toro,-1,6.794122234372903,11.94
zarza de granadilla,-1,11.98487114195313,310.98
albuera la,18,30.81523339709932,78.17999999999999
badajoz,18,7.986472144019239,72029.77500000001
carmonita,18,68.89983049301829,122.71
codosera la,18,49.93713445349474,48.0
hinojal,18,115.1484708229758,12.0
montijo,18,30.27830689627169,0.66
olivenza,18,33.75831926419229,35.3
puebla de alcocer,18,159.4142553759363,3.38
puebla de la calzada,18,29.2125988621644,62.5
puebla de obando,18,43.53480586799987,149.92
roca de la sierra la,18,33.98869623683678,758.2072614486407
talavera la real,18,21.68013540501848,663.9599999999999
villafranca de los barros,18,76.52330599424954,110.44
villar del rey,18,27.64537271171114,140.0
alcntara,44,17.20641304365384,826.5
aliseda,44,23.94067125946772,5.640000000000001
brozas,44,1.688541065481679,1061.5
membro,44,32.22152020794807,32.540000000000006
navas del madroo,44,13.06395340811173,45.42
salorino,44,30.55261234015111,9.88
cabezuela del valle,22,4.5996204733506305,378.38
jerte,22,6.7494060744417705,660.275017135024
navaconcejo,22,7.28924822212462,703.0927982687839
plasencia,22,36.5465143898232,1.6370996474174377
valdastillas,22,15.0943626218688,12.12
aldea del cano,46,31.14244495459591,312.5246249208529
aliseda,46,31.08376164188967,139.56
arroyo de la luz,46,17.980310252075252,1449.77
arroyomolinos,46,50.98929274861622,14.46
casatejada,46,105.6730094260032,5.3
cedillo,46,113.52394568188751,11.179997015593525
guijo de granadilla,46,90.45529689423839,51.18
herreruela,46,51.708698182746794,5.6
hinojal,46,25.83515417555884,13.04
majadas,46,101.4703245345898,9.32
malpartida de plasencia,46,73.38410263705573,0.6274853316488824
monroy,46,34.53976596309469,5.28
navalmoral de la mata,46,113.228893715521,3.78
navas del madroo,46,31.270346166557,22.38
nuomoral,46,125.7684571273026,0.22
plasencia,46,71.30289148737056,6.665334278770996
puebla de obando,46,49.34746619123937,38.300000000000004
roca de la sierra la,46,58.56277319114615,4.79273855135924
salorino,46,60.670905883247315,31.7
santiago del campo,46,17.28015068369075,150.08567228755268
sierra de fuentes,46,21.410968638965688,553.3399999999999
torreorgaz,46,25.06642747232216,72.72
torrequemada,46,28.13034602501478,51.879999999999995
trujillo,46,55.20414098470254,12.440000000000001
valencia del ventoso,46,154.85077777195858,5.58
acebo,31,25.62694045431689,80.68930134987232
descargamara,31,5.9650536638585026,14.280000000000001
gata,31,10.929252485333059,19.02
robledillo de gata,31,8.839856801927233,57.44
san martn de trevejo,31,35.64368199556701,27.159999999999997
cachorrilla,-2,14.03905778796774,35.02
calzadilla,-2,18.263412746093262,8.02
caminomorisco,-2,57.83009197743653,23.3
casillas de coria,-2,17.20463676458148,19.520000000000003
coria,-2,7.550130796667531,2318.1000000000004
eljas,-2,52.79374142980515,14.84
guijo de coria,-2,24.833344252698268,33.716635956830736
holguera,-2,16.597749498782118,19.04
mirabel,-2,33.79645964389881,10.070183930300097
moraleja,-2,22.71852262961149,118.10618587769756
pedroso de acim,-2,17.238054817132042,55.910586034160175
portaje,-2,4.453616741546546,186.69054441260747
portezuelo,-2,15.06877486898661,113.0
riolobos,-2,20.68548755328164,103.8
torre de don miguel,-2,43.35127906139919,13.26
torrejoncillo,-2,5.803934559629323,417.04
valverde del fresno,-2,53.47226868866204,112.74
zarza la mayor,-2,38.22221198491332,10.72
acedera,3,35.32966299210943,8.08
aceuchal,3,71.49975833075723,18.88
alconchel,3,132.5732746777359,58.4599995
alconera,3,95.12528804533947,4.3199996
aldea del cano,3,66.69294686168378,10.569378195442019
aldeacentenera,3,79.5621510827216,3.1200002
almaraz,3,115.4264023658613,221.05999609999998
almendral,3,102.84911549402301,0.4
almendralejo,3,63.28533705229647,101.98000529999999
almoharn,3,39.998564963102,268.36
azuaga,3,84.5884893175136,10.64
badajoz,3,106.932723264447,352.32000700000003
barcarrota,3,112.5757811504587,20.76
berlanga,3,82.97558085044813,11.319999999999999
bienvenida,3,94.53953793924921,14.44
cabeza del buey,3,68.98012256262454,4.96
cceres,3,87.99479505302342,835.60001818
calamonte,3,52.91218896291018,12.2399995
campanario,3,24.21843650692076,2590.7700085600004
campo lugar,3,35.31958096696985,7.6599995
caaveral,3,128.8376084135729,147.21
casar de cceres,3,98.33582267125354,20.18
casas de don pedro,3,59.205612172314176,60.4000011
castuera,3,38.913938595084396,578.240035
cheles,3,150.7242531157772,1.699999
coria,3,154.8028415986093,60.88000000000001
deleitosa,3,94.39178091624846,7.98
don benito,3,5.033494614879317,17895.5
risco,3,79.10647490972205,0.18
esparragalejo,3,56.336905908361544,1.799999
esparragosa de lares,3,58.68102417650952,0.78
fregenal de la sierra,3,126.95323529609571,0.48
fuenlabrada de los montes,3,96.23152859403487,4.359999
fuente de cantos,3,103.938311830045,4.16
fuentes de len,3,131.79641634027791,5.58
fuente del maestre,3,81.66774941213653,37.900000000000006
granja de torrehermosa,3,80.7053408493721,4.5600003
guadalupe,3,88.67971798918536,8.1400006
guarea,3,25.273125658607448,206.31999860000002
guijo de coria,3,169.6031895489693,0.4965780468544353
herguijuela,3,58.78727457710552,0.3250443344370392
herrera del duque,3,89.1649155855923,10.140002
hervs,3,182.0875087120644,11.479999
higuera de la serena,3,38.62291403772599,0.14
higuera la real,3,131.6411843662743,0.36
hornachos,3,59.45064036548006,45.499997199999996
jarandilla de la vera,3,158.49687780403792,16.24
jerez de los caballeros,3,123.2582001004339,76.9399999
llera,3,72.45940883542741,15.219999999999999
llerena,3,97.05109733138124,73.48000210000001
lobn,3,74.38857033138675,544.8600131999999
madrigalejo,3,36.96123742982312,976.4999999999999
madroera,3,64.74958843996058,0.5
magacela,3,12.33448557953464,185.25999790000003
malpartida de plasencia,3,138.89734862105692,2.9581448147705833
manchita,3,25.28911358361719,15.540000000000001
medina de las torres,3,95.92547739134208,2.1
mengabril,3,8.829360713754705,56.119999
miajadas,3,28.095221343250227,208.0599986
montehermoso,3,164.3694465294954,19.52
montijo,3,73.14125307559516,30.439997599999998
navalmoral de la mata,3,130.1114101079447,1.64
navalvillar de pela,3,46.65595850219421,495.42000210000003
navezuelas,3,94.40295962115557,0.96
olivenza,3,124.57673202470829,20.28
orellana de la sierra,3,42.742546387125415,7.44
orellana la vieja,3,38.18591901559469,31.159999300000003
palomas,3,45.790187020504355,2.16
pealsordo,3,79.24081473470316,0.76
plasencia,3,143.6364036783634,157.09778128426206
puebla de la calzada,3,74.30351536650952,5.92
puebla de sancho prez,3,89.64175706677946,4.7400006999999995
quintana de la serena,3,28.6134379793634,93.2199987
rena,3,18.70380467666719,151.30000328000003
ribera del fresno,3,64.98880615230955,7.42
robledillo de la vera,3,155.2800180800711,4.74
rosalejo,3,143.9623461344955,5.28
salvatierra de los barros,3,98.58638003008534,3.26
santa amalia,3,20.016451887498192,2163.0
santa ana,3,50.46649077228082,5.308220199910488
talarrubias,3,66.33099852776557,2.0800011
talayuela,3,140.2475571057218,36.1199979
talavera la real,3,88.65763293853901,1.2
tamurejo,3,93.9680480992205,0.6
torre de miguel sesmero,3,100.39207726402189,279.2599972
torre de santa mara,3,52.36037576973084,1.4
torrejoncillo,3,143.45787598025268,6.8
torremocha,3,64.13009857237594,0.9
trujillanos,3,40.03099064131277,0.2
trujillo,3,65.0268337620163,61.79999991
usagre,3,86.75195719241836,7.42
valdecaballeros,3,80.55224939548701,172.42000009999995
valdefuentes,3,54.86781182712552,2.400001
valdelacalzada,3,81.05513004588357,8.1799988
valdetorres,3,21.60991249321619,35.5599991
valle de santa ana,3,119.6032626371277,9.060002
valle de la serena,3,30.22316591270973,23.58
villafranca de los barros,3,70.90839806938342,1.5200008
villagonzalo,3,34.06478562612811,674.0
villalba de los barros,3,76.167620080427,0.86
villamesas,3,39.36208642177054,0.76
villanueva de la serena,3,11.27123586540456,9604.970013359996
villanueva del fresno,3,149.07083710453531,1.7
villar de rena,3,21.44697425150397,2.1999989
zafra,3,87.76708315863596,26.46
zalamea de la serena,3,38.57977425168351,42.72
zorita,3,47.328923468521914,21.819999000000003
aldeanueva de la vera,-3,15.705325016710711,57.75999999999999
arroyomolinos de la vera,-3,124.1335345380387,91.14
cuacos de yuste,-3,12.039182665750602,431.6366231035001
garganta la olla,-3,12.9330233526637,188.83999999999997
jarandilla de la vera,-3,20.07304817280788,2.6
losar de la vera,-3,24.492974097245718,4.72
malpartida de plasencia,-3,32.55136310278251,4.193907063571612
piornal,-3,21.20840232627022,4.4
plasencia,-3,36.46491874489527,8.036670996412877
robledillo de la vera,-3,24.16209046613113,1.12
rosalejo,-3,34.384426110077754,14.98
torremenga,-3,6.982167157390087,98.94
valverde de la vera,-3,33.64717403297922,32.56
villanueva de la vera,-3,36.64961163147296,20.919999999999998
aldeanueva de la vera,-4,6.352352874607661,323.2
cuacos de yuste,-4,10.08780988059425,20.93811025987682
jarandilla de la vera,-4,2.2415980339972053,837.2000000000002
losar de la vera,-4,4.487769609378012,89.56
madrigal de la vera,-4,29.15404292585148,124.98
navalmoral de la mata,-4,32.70428946561323,0.2
robledillo de la vera,-4,8.66231222224378,8.96
rosalejo,-4,28.285632202041818,27.880000000000003
valverde de la vera,-4,16.60606250650274,43.28
viandar de la vera,-4,12.637326929355929,2.82
benquerencia,45,60.67946546512071,48.99999999999999
cabaas del castillo,45,31.33427916332416,14.03
campo lugar,45,34.246396724611394,62.080000000000005
caamero,45,10.81544181545441,135.33999999999997
guadalupe,45,27.12966435199464,291.06
navezuelas,45,29.553551689743827,11.44
valdecaballeros,45,57.390982911073124,17.8
albal,41,3.4606927622612553,399.0
aldea del cano,41,16.21631340530151,37.15415764527074
aljucn,41,26.97758056215203,17.02
arroyomolinos,41,6.058374268360864,2.84
botija,41,17.85916491512245,33.239999999999995
cabaas del castillo,41,79.44271871134555,9.32
torre de santa mara,41,7.476979678018057,22.939999999999998
torremocha,41,14.16303311471888,69.67999999999999
torrequemada,41,18.33962654798069,5.36
valdefuentes,41,7.40974370307754,170.34000000000003
aceituna,25,10.60851514937842,223.08
ahigal,25,23.602520566297322,22.02
carcaboso,25,17.007122433453283,93.23207743205556
coria,25,20.83913536336809,30.12
galisteo,25,18.56978887284905,2.5862945479068316
gata,25,32.12252017661286,9.34
guijo de galisteo,25,6.767447914013536,178.16
guijo de coria,25,11.97244753571122,78.45595332104939
montehermoso,25,3.300211652776627,1857.3899999999999
morcillo,25,7.298956930550192,194.60878868933895
pedroso de acim,25,32.78675655388965,1.5894139658398214
piornal,25,58.56689791185879,25.42
plasencia,25,28.78231839638173,27.54367004193884
serradilla,25,44.9452961971569,2.817675828592819
torrejoncillo,25,29.97494666995552,9.36
valdeobispo,25,13.24122745831489,290.517114967462
villa del campo,25,12.41441339602071,18.66
villar de plasencia,25,36.29440256310145,9.3515011972739
acebo,20,20.74467534329978,225.73011674571325
barrado,20,78.88237599359115,3.08
cadalso,20,26.76959276752518,25.96
calzadilla,20,13.04856425109211,26.04
caminomorisco,20,50.547076847935436,17.66
carcaboso,20,45.92042545611091,1.7873899491442007
casillas de coria,20,12.98857525541,7.08
cilleros,20,15.20525427699458,45.660000000000004
coria,20,14.4968091512061,126.14
eljas,20,32.27507949857169,31.92
gata,20,26.47815655650145,0.1
guijo de galisteo,20,26.15603602078702,39.72
hoyos,20,17.77235615549776,152.38000000000002
moraleja,20,2.6643209046617637,3403.4388160222225
perales del puerto,20,13.662937212421369,14.599999999999998
portaje,20,26.44759869888008,5.877609496520671
santiago del campo,20,64.57507870435312,3.4143277124473026
torre de don miguel,20,24.6409998981414,48.839999999999996
villamiel,20,25.947558234191607,15.14
villasbuenas de gata,20,17.64633350794722,18.02
zarza la mayor,20,28.42866095333618,37.82
almaraz,27,21.9915350126532,14.88
bohonal de ibor,27,27.359147423514592,59.96
navalmoral de la mata,27,10.49088250693611,484.2200000000001
peraleda de la mata,27,19.58022805759179,3.92
romangordo,27,33.237858686379035,24.4
rosalejo,27,20.66897809874218,65.83999999999999
talayuela,27,7.619925403591886,509.9999999999999
viandar de la vera,27,30.34030308406949,15.72
acebo,29,68.7584784897667,36.08058190441446
ahigal,29,29.86924204287655,25.240000000000002
aldeanueva de la vera,29,47.35396544532756,30.720000000000002
arroyomolinos,29,117.3976280827728,101.86
badajoz,29,165.66382032728822,2.38
baos de montemayor,29,45.280205144471054,12.94977506036025
barrado,29,28.58092008807808,50.72
bohonal de ibor,29,71.35261820298174,14.88
cabezabellosa,29,23.008888690342392,49.82
cabezuela del valle,29,36.78038737214832,82.28
caaveral,29,38.4446271468359,19.119999999999997
carcaboso,29,14.06181983006879,458.9805326188002
casas del monte,29,30.9395220597365,174.02
casillas de coria,29,51.72252924392017,7.14
cedillo,29,167.39424967938038,1.2978437663209728
coria,29,42.11319814557525,6.66
cuacos de yuste,29,43.68782309436748,4.925266636623103
cabrero,29,26.429581333678648,48.8
galisteo,29,18.45497385356531,981.4137054520932
garganta la olla,29,43.151016626162544,10.12
gargantilla,29,37.85771416710761,47.44
gata,29,57.59620476310906,73.06
guijo de coria,29,38.95277397473295,2.83083267526542
guijo de galisteo,29,33.74777435303526,58.980000000000004
hinojal,29,53.99712645620653,36.5
holguera,29,29.09843186192327,12.46
hoyos,29,66.8515067818828,7.74
jarilla,29,25.99044564370608,53.057019766852505
jerte,29,42.653006711546546,5.724982864976012
ladrillar,29,79.75455132460836,7.74
malpartida de plasencia,29,11.55784488939198,2305.7204627900087
marchagaz,29,44.5643222365927,27.76
mirabel,29,24.935474909414182,110.91335914811229
moraleja,29,56.08550027976367,477.4549981000799
morcillo,29,32.03614258409269,14.391211310661063
navaconcejo,29,33.85402971326951,333.90720173121605
navalmoral de la mata,29,58.301335354242674,212.14
oliva de plasencia,29,15.30948523848448,6.0
peraleda de la mata,29,66.99536737674055,17.8
pinofranqueado,29,52.81337037974182,113.69999999999999
piornal,29,34.34001645854346,689.94
plasencia,29,4.594054525171284,20371.403605138163
portaje,29,48.79495248239203,14.931846090871877
rebollar,29,30.09770180676753,88.08000000000001
riolobos,29,24.445835679695907,224.04000000000002
romangordo,29,59.80174478361885,10.08
rosalejo,29,71.91817163365864,57.4
santa cruz de paniagua,29,37.64771813965039,9.7
saucedilla,29,49.40794278348578,9.09
segura de toro,29,33.258148650853,9.5
serradilla,29,30.28412875299519,88.93560264364218
talarrubias,29,170.2507574609796,1701.66
talayuela,29,57.96336918228102,1.56
toril,29,37.43093339164749,7.62
tornavacas,29,49.45732707834905,145.10999999999999
valdeobispo,29,19.08133946996092,89.98288503253795
valverde de la vera,29,69.45429486603635,31.3
valverde del fresno,29,86.83924633881415,7.12
viandar de la vera,29,65.48555928888943,9.84
villa del campo,29,37.888097982516896,14.2
villanueva de la sierra,29,43.82316265049492,11.92
villar de plasencia,29,20.354520225890667,105.1484988027261
villasbuenas de gata,29,58.43586892016858,158.3
zarza de granadilla,29,32.4429011698064,78.24000000000001
zarza la mayor,29,81.93770440130058,20.7
mirabel,33,12.31650841914431,244.01645692158763
serradilla,33,2.1516783782610442,791.246721527765
abertura,19,34.00910974067959,1.16
aldea del cano,19,54.711240888898075,0.25183923843437067
aldeacentenera,19,25.16545993434968,286.17999999999995
botija,19,29.962741799042572,18.22
deleitosa,19,28.58831006723718,6.92
garciaz,19,28.841906054136803,28.52
guadalupe,19,68.1155909028639,4.7
herguijuela,19,20.87600236874236,182.67495566556295
ibahernando,19,22.74607667003789,192.20000000000005
jaraicejo,19,23.45085548493681,211.30000000000004
madroera,19,15.64246259159437,12.56
plasenzuela,19,25.01005217546391,113.56
salvatierra de santiago,19,30.1773507495222,3.12
santa ana,19,28.127793063542672,144.1917798000895
santa cruz de la sierra,19,22.39812420978572,5.32
santa marta de magasca,19,29.96321738388434,17.5
trujillo,19,7.284159102486308,4559.794000000001
alburquerque,39,38.570388152458484,19.439999999999998
cedillo,39,44.69020519952544,236.0221592180855
salorino,39,26.22079078318437,32.94
trujillo,39,130.2721308657581,1.78
castaar de ibor,42,1.7484389788886698,495.11
caaveral,30,2.3585325950000002,135.5
caminomorisco,21,15.18542487964686,18.08
casares de las hurdes,21,13.00696083730163,93.72
nuomoral,21,5.965135265462294,115.38
pinofranqueado,21,19.95588612852884,51.36
villarta de los montes,11,117.13,293.5
carrascalejo,42,54.19,168.5
helechosa de los montes,11,86.49,358.0
valdecaballeros,11,67.27,418.7799999
cabaas del castillo,42,32.69,188.15
valencia del mombuey,5,69.19,391.0
monroy,33,31.43,491.72
santiago del campo,30,25.41,2.842170943040401e-14
talavn,30,25.31,461.5
granja de torrehermosa,16,44.02,1183.9399997
castilblanco,11,57.66,575.5
higuera la real,5,60.81,1236.64
hinojal,30,18.63,158.96
deleitosa,42,23.05,404.1
torrejn el rubio,33,21.99,307.0
fresnedoso de ibor,42,17.19,164.5
malcocinado,10,54.9,224.5
villar del pedroso,27,49.61,336.5
eljas,31,48.34,469.74
valverde del fresno,31,47.38,1134.64
herrera de alcntara,39,47.17,142.5
san martn de trevejo,31,46.39,430.84000000000003
piedras albas,24,19.59,103.5
garganta la,22,44.7,167.42000000000002
oliva de la frontera,5,49.23,2806.0
acehche,24,17.89,426.0
casas de milln,30,7.55,345.0
pesga la,21,41.77,561.5
zahnos,13,48.82,1453.0
robledollano,42,9.51,201.0
peraleda del zaucejo,16,25.16,304.0
herreruela,44,37.69,187.4
navalvillar de ibor,42,8.48,252.0
madrigalejo,45,40.6,1.1368683772161603e-13
herrera del duque,11,41.87,1833.859998
valdelacasa de tajo,27,41.08,227.5
campillo de deleitosa,27,41.01,39.5
ala,45,39.4,510.5
caaveral,30,2.2,340.16999999999996
villamiel,31,38.4,322.36
baos de montemayor,22,38.36,5.684341886080802e-14
alcollarn,36,16.99,133.0
manchita,3,45.83,366.46
cilleros,31,36.74,888.34
campillo de llerena,10,42.74,759.0
valle de santa ana,9,49.43,586.939998
abertura,36,15.5,225.84
villagarca de la torre,1,37.15,493.0
villanueva del fresno,13,42.26,1837.3
zarza la mayor,24,9.35,635.26
villamesas,36,14.91,154.74
valle de matamoros,5,40.6,211.5
aldeacentenera,19,35.41,97.69999980000006
retamal de llerena,6,35.94,250.5
campo lugar,36,14.29,445.2600005
valdecaas de tajo,27,36.13,59.5
codosera la,39,35.39,1113.0
almoharn,36,13.7,730.14
garciaz,19,34.37,396.98
castaar de ibor,42,1.97,117.38999999999999
salvalen,13,39.7,1024.5
navalvillar de pela,45,33.53,1898.0799978999999
garvn,27,34.28,52.5
navezuelas,45,33.34,336.6
calera de len,8,32.8,530.0
azuaga,10,39.02,4139.86
madrigal de la vera,22,32.22,784.52
bienvenida,1,33.06,1148.56
carbajo,39,32.5,113.5
fuenlabrada de los montes,11,33.62,973.140001
casas de don pedro,11,33.49,755.5999989
berrocalejo,27,32.89,52.5
mohedas de granadilla,21,30.01,488.0
oliva de mrida,1,32.4,937.5
palomero,25,31.92,226.0
marchagaz,21,29.7,96.24
ceclavn,24,4.89,1027.0
botija,41,31.1,48.040000000000006
garrovillas de alcontar,44,27.8,1140.0
cordobilla de lcara,41,30.96,483.5
santibez el bajo,22,30.57,414.5
cerezo,22,30.46,95.0
santa marta de magasca,19,30.45,137.0
hervs,22,30.22,1586.500001
valle de la serena,6,30.62,688.92
salorino,39,30.21,269.98
plasenzuela,41,29.17,155.44
capilla,7,21.43,93.5
guadalupe,45,29.25,744.0999994
peraleda de san romn,27,29.94,147.0
guarea,3,37.3,3449.6800014
higuera de vargas,13,34.6,1077.0
monesterio,10,34.14,2189.0
jaraicejo,27,29.06,83.69999999999996
cabrero,22,27.8,135.7
torno el,22,27.64,494.0
jerez de los caballeros,5,32.11,5041.5600001
calzadilla de los barros,5,32.05,431.5
ahigal,22,26.84,667.8
cabezabellosa,22,26.7,159.18
torrejoncillo,29,36.5,1235.8
puebla de obando,18,43.67,805.78
santiago de alcntara,39,27.01,342.5
mesas de ibor,27,27.39,86.5
rosalejo,27,27.31,470.62
cristina,3,34.61,281.0
hoyos,31,25.78,327.88
barrado,22,25.69,184.7
pealsordo,7,18.08,604.24
guijo de granadilla,22,25.57,231.86
perales del puerto,31,25.45,470.4
barcarrota,13,31.78,1828.24
acedera,3,33.91,402.42
membro,39,25.66,392.96
torrequemada,41,25.04,244.76
mrida,14,38.41,28197.5
casar de palomero,21,22.9,689.0
alburquerque,18,41.64,2832.56
piornal,22,24.37,48.739999999999895
gordo el,27,25.48,169.0
cheles,13,30.65,641.800001
entrn bajo,4,29.75,301.0
usagre,1,24.92,970.58
esparragosa de lares,11,25.66,509.72
ladrillar,21,22.26,106.26
miajadas,36,2.78,4960.9400014
cabeza la vaca,8,23.3,739.5
robledillo de trujillo,41,23.42,210.0
puebla de la reina,1,24.04,430.0
don lvaro,14,36.79,371.5
villanueva de la vera,22,22.74,1033.08
orellana de la sierra,3,31.07,148.06
escurial,36,1.69,425.5
casas de don antonio,41,22.44,106.5
nava de santiago la,14,36.04,544.5
montemoln,10,28.42,767.0
llera,1,23.14,458.28
valverde de llerena,10,28.31,357.0
berlanga,10,28.29,1230.68
monterrubio de la serena,16,6.05,1355.0
pinofranqueado,21,20.36,673.14
zorita,45,22.32,814.680001
torre de miguel sesmero,13,28.34,349.2400028
santa cruz de paniagua,25,22.38,147.8
fuente de cantos,10,27.81,2515.34
conquista de la sierra,19,21.44,105.0
benquerencia,41,21.36,7.105427357601002e-15
puebla de la calzada,4,26.75,2883.08
carmonita,41,20.97,167.79000000000002
higuera de la serena,6,21.66,521.36
cumbre la,19,20.89,491.0
ruanes,41,20.72,34.0
corte de peleas,4,26.15,653.5
montijo,4,26.09,8086.9000024
zarzacapilla,7,12.88,201.5
torremocha,41,20.32,448.42
torrecilla de los ngeles,31,20.03,343.5
valdetorres,3,28.46,629.9400009
maguilla,10,26.08,542.0
mata de alcntara,44,16.74,165.0
nogales,9,32.96,362.0
puebla de alcocer,11,21.42,632.62
valverde de la vera,22,19.65,186.86
santa marta,9,32.75,2161.0
palomas,1,20.29,348.34
valdastillas,22,19.27,177.88
almendral,13,25.56,653.1
peraleda de la mata,27,20.26,704.78
garlitos,11,20.67,340.5
rebollar,22,18.79,30.419999999999987
bohonal de ibor,27,19.95,192.66
arroyomolinos de la vera,22,18.57,157.36
talaveruela de la vera,22,18.52,182.5
zarza de montnchez,41,18.56,309.5
torrecillas de la tiesa,19,18.49,589.5
puebla del maestre,10,24.45,388.5
berzocana,45,18.53,264.0
villanueva de la sierra,25,18.67,245.08
gata,31,18.15,729.48
calzadilla,20,18.0,208.44
viandar de la vera,22,17.64,104.62
valencia de las torres,10,23.71,343.5
fuentes de len,8,17.39,1279.92
roca de la sierra la,18,34.59,1.1368683772161603e-13
navas del madroo,44,14.25,654.2
casas del castaar,29,27.26,319.5
orellana la vieja,3,25.73,1476.3400007
casillas de coria,20,17.45,201.26
aliseda,46,32.41,845.8
valdemorales,41,17.21,115.0
caminomorisco,21,15.53,569.96
tejeda de titar,22,17.04,443.5
salvatierra de santiago,41,16.92,147.88
albuera la,4,22.47,914.82
tliga,13,23.14,400.5
zarza la,14,30.39,1781.5
villasbuenas de gata,31,16.53,51.67999999999998
puerto de santa cruz,19,16.29,196.5
alconchel,13,22.27,917.0400005
holguera,29,25.91,347.5
aldea del obispo la,19,15.87,175.0
hornachos,1,16.65,1888.0000028
zalamea de la serena,6,16.48,1946.28
madroera,19,15.58,1444.94
ibahernando,19,15.49,51.799999999999955
baterno,11,17.14,176.0
casares de las hurdes,21,13.69,170.28
portezuelo,20,15.4,21.0
gargera,29,25.14,66.0
santa cruz de la sierra,19,15.08,129.68
talarrubias,11,16.77,111.25999890000003
san vicente de alcntara,39,14.85,2904.0
valverde de mrida,14,27.91,579.5
torre de don miguel,31,14.21,221.9
ahillones,10,20.34,526.0
hernnprez,31,14.15,259.0
solana de los barros,14,27.64,1413.0
cachorrilla,20,14.18,11.479999999999997
higuera de llerena,10,19.99,176.5
salvatierra de los barros,9,26.76,890.74
tamurejo,11,15.37,128.9
garganta la olla,22,13.37,332.04
garbayuela,11,15.11,273.5
pasarn de la vera,22,13.18,338.5
lobn,4,18.8,816.6399868000001
casas de miravete,27,14.21,72.5
tornavacas,22,12.69,445.39
valencia del ventoso,5,17.51,1118.92
serrejn,27,13.65,222.0
higuera,27,13.55,50.0
villa del campo,25,12.9,244.64
zarza de granadilla,22,12.17,542.78
pescueza,20,12.31,78.5
villa del rey,44,8.93,78.5
esparragosa de la serena,6,12.64,544.0
puebla de sancho prez,5,16.65,1444.7599993
santibez el alto,31,11.65,218.0
caamero,45,11.88,758.1600000000001
segura de len,8,11.36,1070.0
riolobos,29,21.35,300.65999999999997
alange,14,24.97,1002.5
pozuelo de zarzn,25,11.77,282.0
villar de rena,3,19.68,726.3000011
malpartida de la serena,6,11.89,331.0
valdefuentes,41,11.13,534.759999
trujillo,19,10.96,275.18600008999965
casas de don gmez,20,11.16,173.5
aceituna,25,11.26,85.41999999999999
fuente del arco,10,16.86,375.0
villar del rey,18,27.72,1053.0
belvs de monroy,27,11.49,335.0
aljucn,14,23.94,108.98
morera la,9,23.3,376.0
romangordo,27,11.16,77.52000000000001
risco,11,11.73,82.82
san pedro de mrida,14,23.26,440.0
casas del monte,22,9.58,188.22
hinojosa del valle,1,10.36,279.0
torremayor,14,23.12,502.0
hulaga,20,9.55,98.0
alcuscar,41,9.23,1505.0
toril,27,10.27,81.88
torreorgaz,46,24.3,809.28
cabeza del buey,7,1.54,2700.54
robledillo de gata,31,9.03,4.560000000000002
benquerencia de la serena,6,9.68,474.0
villafranca de los barros,1,9.8,6566.0399992
valdehncar,27,9.92,106.0
villanueva de la serena,3,17.14,3314.0299866400037
medelln,3,17.05,1168.5
arroyomolinos,41,8.47,380.34000000000003
aldehuela de jerte,29,18.43,169.0
almendralejo,9,21.51,16692.0199947
rena,3,16.86,183.19999671999997
aldeanueva de la vera,22,8.31,725.8199999999999
valdelacalzada,18,25.48,1393.8200012
guijo de santa brbara,22,8.14,205.0
guijo de galisteo,25,8.51,528.64
collado,22,7.98,100.5
torre de santa mara,41,7.86,291.66
granja la,22,7.78,89.72
lapa la,9,20.77,148.0
burguillos del cerro,5,12.56,1643.0
majadas,27,8.77,639.18
arroyo de la luz,46,22.81,1808.73
nuomoral,21,5.95,601.9
medina de las torres,5,12.47,666.9
coria,20,7.63,3906.0999999999995
robledillo de la vera,22,7.37,137.68
bodonal de la sierra,8,7.26,569.5
torremenga,22,7.07,211.56
aceuchal,9,20.0,2820.62
losar de la vera,22,6.82,1388.72
sierra de fuentes,46,21.86,489.1600000000001
segura de toro,22,6.42,71.56
sanctispritus,11,8.12,118.5
carrascalejo el,14,19.98,42.5
parra la,9,19.45,695.0
navalmoral de la mata,27,7.24,7912.02
descargamara,31,6.08,80.72
oliva de plasencia,29,15.53,137.0
cabezuela del valle,22,5.51,603.84
abada,22,5.14,162.5
reina,10,11.18,100.5
millanes,27,6.17,128.5
mirandilla,14,18.47,688.5
jaraz de la vera,22,4.75,3233.5
gargantilla,22,4.72,159.88
campanario,3,13.19,92.7299914399996
saucedilla,27,5.79,392.91
valverde de burguillos,5,9.34,161.0
valverde de legans,13,10.71,2077.5
garrovilla la,14,17.95,1253.0
magacela,3,12.5,118.24000209999997
cadalso,31,3.91,227.04
fregenal de la sierra,8,3.43,2618.02
montehermoso,25,3.91,1022.5900000000001
jarandilla de la vera,22,3.34,708.4599999999998
haba la,3,11.65,683.5
mengabril,3,11.64,187.380001
puebla del prior,1,4.0,272.5
trujillanos,14,16.62,719.3
talayuela,27,4.02,4063.3200021000002
montnchez,41,2.71,1020.0
alconera,5,7.44,364.1800004
torremeja,14,16.07,1114.0
casas de reina,10,8.34,98.0
castuera,6,2.88,2718.759965
casatejada,27,3.23,694.2
valencia de alcntara,39,2.59,3089.0
siruela,11,3.69,1096.0
quintana de la serena,6,2.57,2441.2800013
villalba de los barros,9,14.89,826.14
feria,9,14.72,670.5
logrosn,45,1.63,1045.0
santos de maimona los,9,13.93,4096.5
trasierra,10,6.91,345.5
zafra,9,13.79,8185.54
pueblonuevo del guadiana,18,17.64,1009.0
almaraz,27,1.21,424.5600039
esparragalejo,14,13.5,788.200001
ribera del fresno,1,0.6,1725.58
malpartida de cceres,46,14.92,2234.5
atalaya,5,4.33,169.0
talavera la real,4,3.21,2089.34
coronada la,3,5.44,1119.5
olivenza,13,3.17,5870.42
arroyo de san servn,14,10.35,2138.0
llerena,10,2.72,2925.0199979
cceres,46,11.23,45729.89998182
badajoz,18,10.4,1782.5249929999845
casar de cceres,46,5.99,2419.32
fuente del maestre,9,2.68,3443.1
calamonte,14,2.78,3076.7600005
